filename	source_url	bytes	status
training-games_C5E152BDA1D4864CC8ACEC825FAFC5F5.sgf	https://katagotraining.org/sgf-files/training-games/C5E152BDA1D4864CC8ACEC825FAFC5F5.sgf	14672	existing
training-games_651135E27B81671180FFAE7BBC9EEFD7.sgf	https://katagotraining.org/sgf-files/training-games/651135E27B81671180FFAE7BBC9EEFD7.sgf	16600	existing
rating-games_43D6706AE61B71377E835A45EAB49E34.sgf	https://katagotraining.org/sgf-files/rating-games/43D6706AE61B71377E835A45EAB49E34.sgf	5492	existing
training-games_518C3BE383E376E056BE3F70F1263FC5.sgf	https://katagotraining.org/sgf-files/training-games/518C3BE383E376E056BE3F70F1263FC5.sgf	15954	existing
training-games_25C1712E05D2EBFA1DC49F761951158A.sgf	https://katagotraining.org/sgf-files/training-games/25C1712E05D2EBFA1DC49F761951158A.sgf	17219	existing
rating-games_6BF9A1E11515002D7AA6280B53D25620.sgf	https://katagotraining.org/sgf-files/rating-games/6BF9A1E11515002D7AA6280B53D25620.sgf	8632	existing
rating-games_527EBE082F1D2ED7AB59FD119279CEBF.sgf	https://katagotraining.org/sgf-files/rating-games/527EBE082F1D2ED7AB59FD119279CEBF.sgf	7098	existing
training-games_5A29FAC335677C3DD70917E1ED5BA957.sgf	https://katagotraining.org/sgf-files/training-games/5A29FAC335677C3DD70917E1ED5BA957.sgf	13896	existing
training-games_C5CE6AF7FE60FC1D00C6160984E5DDD4.sgf	https://katagotraining.org/sgf-files/training-games/C5CE6AF7FE60FC1D00C6160984E5DDD4.sgf	16101	existing
training-games_E1B6296FC425C9AC18127D5B42C7CF5C.sgf	https://katagotraining.org/sgf-files/training-games/E1B6296FC425C9AC18127D5B42C7CF5C.sgf	14108	existing
rating-games_B61CC8B3381F0AAF99B41BA89A392132.sgf	https://katagotraining.org/sgf-files/rating-games/B61CC8B3381F0AAF99B41BA89A392132.sgf	6777	existing
training-games_2297519099B0914F02A5041F732D9C03.sgf	https://katagotraining.org/sgf-files/training-games/2297519099B0914F02A5041F732D9C03.sgf	18286	existing
training-games_4D28E5AB2834BD72BA5807FB9F05EABD.sgf	https://katagotraining.org/sgf-files/training-games/4D28E5AB2834BD72BA5807FB9F05EABD.sgf	12353	existing
rating-games_F255F697BC0D779A37E7AA57AA8E287C.sgf	https://katagotraining.org/sgf-files/rating-games/F255F697BC0D779A37E7AA57AA8E287C.sgf	6087	existing
rating-games_3255C6E318F6989FB4D35959291FFA96.sgf	https://katagotraining.org/sgf-files/rating-games/3255C6E318F6989FB4D35959291FFA96.sgf	6808	existing
training-games_F183577ABCD998B548D2235D5BDD5C72.sgf	https://katagotraining.org/sgf-files/training-games/F183577ABCD998B548D2235D5BDD5C72.sgf	16840	existing
training-games_A0F793628459BF2E25D8C0E6B555A838.sgf	https://katagotraining.org/sgf-files/training-games/A0F793628459BF2E25D8C0E6B555A838.sgf	15592	existing
training-games_25D7D9A47DE977A43902A290494BA693.sgf	https://katagotraining.org/sgf-files/training-games/25D7D9A47DE977A43902A290494BA693.sgf	11636	existing
rating-games_AEC94B5C2D3A76A5B66195789ECA7753.sgf	https://katagotraining.org/sgf-files/rating-games/AEC94B5C2D3A76A5B66195789ECA7753.sgf	7901	existing
training-games_E0018C20455C42D7F0275FDF9E130ADE.sgf	https://katagotraining.org/sgf-files/training-games/E0018C20455C42D7F0275FDF9E130ADE.sgf	13700	existing
training-games_A21095036F333BC2CC3C03D2DBBD7C60.sgf	https://katagotraining.org/sgf-files/training-games/A21095036F333BC2CC3C03D2DBBD7C60.sgf	13591	existing
training-games_13D4F2146DE4F98F15C076634988C4E5.sgf	https://katagotraining.org/sgf-files/training-games/13D4F2146DE4F98F15C076634988C4E5.sgf	12209	existing
training-games_EEB6797C283D9C101E607453D6E202CB.sgf	https://katagotraining.org/sgf-files/training-games/EEB6797C283D9C101E607453D6E202CB.sgf	16934	existing
rating-games_A2D81E8EA9E036F179F320D7AC1C0B58.sgf	https://katagotraining.org/sgf-files/rating-games/A2D81E8EA9E036F179F320D7AC1C0B58.sgf	5145	existing
training-games_AA762342DF6666AA94BBA71F092BC686.sgf	https://katagotraining.org/sgf-files/training-games/AA762342DF6666AA94BBA71F092BC686.sgf	16649	existing
training-games_782798F1A6704D167A8FDCD0EA1DC663.sgf	https://katagotraining.org/sgf-files/training-games/782798F1A6704D167A8FDCD0EA1DC663.sgf	14801	existing
rating-games_736975A637EDB1F85043F11887D5BAED.sgf	https://katagotraining.org/sgf-files/rating-games/736975A637EDB1F85043F11887D5BAED.sgf	12036	existing
rating-games_3BA38AED1E257E25C818B263E31B8AEB.sgf	https://katagotraining.org/sgf-files/rating-games/3BA38AED1E257E25C818B263E31B8AEB.sgf	6482	existing
training-games_99E23837B050F4D06CC35FCA6E517275.sgf	https://katagotraining.org/sgf-files/training-games/99E23837B050F4D06CC35FCA6E517275.sgf	16000	existing
rating-games_AB201E09DCA97C8BBDB1A83AA8BE793F.sgf	https://katagotraining.org/sgf-files/rating-games/AB201E09DCA97C8BBDB1A83AA8BE793F.sgf	5243	existing
rating-games_FB9F9D3576972F7BEF433D0DE65E6004.sgf	https://katagotraining.org/sgf-files/rating-games/FB9F9D3576972F7BEF433D0DE65E6004.sgf	6889	existing
rating-games_411675F5B97ADEF335A9400EA669E634.sgf	https://katagotraining.org/sgf-files/rating-games/411675F5B97ADEF335A9400EA669E634.sgf	5301	existing
training-games_A1AE5477C7C29A5E21A962F11E5F6F3C.sgf	https://katagotraining.org/sgf-files/training-games/A1AE5477C7C29A5E21A962F11E5F6F3C.sgf	18048	existing
training-games_49F7161668F8FEC4084FBD0E3753FBBF.sgf	https://katagotraining.org/sgf-files/training-games/49F7161668F8FEC4084FBD0E3753FBBF.sgf	14280	existing
rating-games_C00B0284DE3A7B46D2F53B350C5977B9.sgf	https://katagotraining.org/sgf-files/rating-games/C00B0284DE3A7B46D2F53B350C5977B9.sgf	5340	existing
rating-games_332B1BC28017FA52BFB7296E7CA38374.sgf	https://katagotraining.org/sgf-files/rating-games/332B1BC28017FA52BFB7296E7CA38374.sgf	5692	existing
rating-games_7F8C57341576C451ED5DD6D6ED5EE189.sgf	https://katagotraining.org/sgf-files/rating-games/7F8C57341576C451ED5DD6D6ED5EE189.sgf	6538	existing
training-games_05AB39453E6F6F95B5A287ECF6D19EBD.sgf	https://katagotraining.org/sgf-files/training-games/05AB39453E6F6F95B5A287ECF6D19EBD.sgf	12425	existing
training-games_F4AB7C10A677D173370ED8FC1958AB28.sgf	https://katagotraining.org/sgf-files/training-games/F4AB7C10A677D173370ED8FC1958AB28.sgf	15437	existing
training-games_DE120B6FB1C93C1A0864BF3779024AEB.sgf	https://katagotraining.org/sgf-files/training-games/DE120B6FB1C93C1A0864BF3779024AEB.sgf	10905	existing
training-games_307DECE4EC5250E42ADEC7FE0F37C304.sgf	https://katagotraining.org/sgf-files/training-games/307DECE4EC5250E42ADEC7FE0F37C304.sgf	14147	existing
training-games_C156C49CA9572F4007D4B44D88BF4714.sgf	https://katagotraining.org/sgf-files/training-games/C156C49CA9572F4007D4B44D88BF4714.sgf	14413	existing
training-games_0FAE7262643F91069C67B0DDB20C370C.sgf	https://katagotraining.org/sgf-files/training-games/0FAE7262643F91069C67B0DDB20C370C.sgf	12386	existing
rating-games_A42F1FA4C8B846604EE83692598BC0A0.sgf	https://katagotraining.org/sgf-files/rating-games/A42F1FA4C8B846604EE83692598BC0A0.sgf	6733	existing
rating-games_6530CEB6306928122F220ACDD7BC410D.sgf	https://katagotraining.org/sgf-files/rating-games/6530CEB6306928122F220ACDD7BC410D.sgf	9966	existing
training-games_0244D77208AE1768D072853816DD153A.sgf	https://katagotraining.org/sgf-files/training-games/0244D77208AE1768D072853816DD153A.sgf	15518	existing
training-games_62F3001AC9EF51B10FAC52E0AB6E09D2.sgf	https://katagotraining.org/sgf-files/training-games/62F3001AC9EF51B10FAC52E0AB6E09D2.sgf	14560	existing
rating-games_D09C2CD1441F999243C53D1C22ABB511.sgf	https://katagotraining.org/sgf-files/rating-games/D09C2CD1441F999243C53D1C22ABB511.sgf	10050	existing
rating-games_A10AEB73FF639E61464A0A7F5F0A54A2.sgf	https://katagotraining.org/sgf-files/rating-games/A10AEB73FF639E61464A0A7F5F0A54A2.sgf	5733	existing
rating-games_E167C5D2D586CCCFC5517D103E1EBF4C.sgf	https://katagotraining.org/sgf-files/rating-games/E167C5D2D586CCCFC5517D103E1EBF4C.sgf	6932	existing
rating-games_A9DCA68A391EDEFC58A4B77B6ED98F4C.sgf	https://katagotraining.org/sgf-files/rating-games/A9DCA68A391EDEFC58A4B77B6ED98F4C.sgf	8081	existing
training-games_9D092974EEA419681DB0F3E160278C23.sgf	https://katagotraining.org/sgf-files/training-games/9D092974EEA419681DB0F3E160278C23.sgf	7710	existing
training-games_5DFDC0410839E0CE82C12D8E23E439BA.sgf	https://katagotraining.org/sgf-files/training-games/5DFDC0410839E0CE82C12D8E23E439BA.sgf	16803	existing
rating-games_923FFCBDC9394306FEDF1E063DCA90BF.sgf	https://katagotraining.org/sgf-files/rating-games/923FFCBDC9394306FEDF1E063DCA90BF.sgf	6266	existing
training-games_E36DB300945C10894281B0D147CE5C49.sgf	https://katagotraining.org/sgf-files/training-games/E36DB300945C10894281B0D147CE5C49.sgf	6943	existing
rating-games_15C932AD48517660DB7AF5D24B75D469.sgf	https://katagotraining.org/sgf-files/rating-games/15C932AD48517660DB7AF5D24B75D469.sgf	7854	existing
rating-games_2B4C898E9ABE00FE1766B94B8035F832.sgf	https://katagotraining.org/sgf-files/rating-games/2B4C898E9ABE00FE1766B94B8035F832.sgf	4593	existing
rating-games_92EF54CD6AD80665B85DA7958F3931FB.sgf	https://katagotraining.org/sgf-files/rating-games/92EF54CD6AD80665B85DA7958F3931FB.sgf	7017	existing
training-games_72EA4858C5B451F61D9745C9A50F4EB5.sgf	https://katagotraining.org/sgf-files/training-games/72EA4858C5B451F61D9745C9A50F4EB5.sgf	14414	existing
rating-games_C9D51CECDB98EAB9F30F1E00ACCA01F7.sgf	https://katagotraining.org/sgf-files/rating-games/C9D51CECDB98EAB9F30F1E00ACCA01F7.sgf	5766	existing
rating-games_72F28BB4BA7031D3F29CAFB0EB6D1D1E.sgf	https://katagotraining.org/sgf-files/rating-games/72F28BB4BA7031D3F29CAFB0EB6D1D1E.sgf	8431	existing
rating-games_07074661BEB331BD778A1CB8B360F905.sgf	https://katagotraining.org/sgf-files/rating-games/07074661BEB331BD778A1CB8B360F905.sgf	4488	existing
rating-games_5841A18D3E49FA637593B2814212B0B8.sgf	https://katagotraining.org/sgf-files/rating-games/5841A18D3E49FA637593B2814212B0B8.sgf	7035	existing
rating-games_48042AED0B8FF012B166A0A062F337AF.sgf	https://katagotraining.org/sgf-files/rating-games/48042AED0B8FF012B166A0A062F337AF.sgf	5268	existing
training-games_F41A131A1AE83D04208FF64945E31786.sgf	https://katagotraining.org/sgf-files/training-games/F41A131A1AE83D04208FF64945E31786.sgf	15569	existing
training-games_44547A84B80F401251B56B2DC492EE55.sgf	https://katagotraining.org/sgf-files/training-games/44547A84B80F401251B56B2DC492EE55.sgf	15493	existing
rating-games_9D7C46EBD2A5FB0C2F696529F532C6C8.sgf	https://katagotraining.org/sgf-files/rating-games/9D7C46EBD2A5FB0C2F696529F532C6C8.sgf	5804	existing
rating-games_E894B6F780984549A54FAACE66A7DA95.sgf	https://katagotraining.org/sgf-files/rating-games/E894B6F780984549A54FAACE66A7DA95.sgf	7323	existing
training-games_FD614CABA29B6A1AF83D474A33FA64E8.sgf	https://katagotraining.org/sgf-files/training-games/FD614CABA29B6A1AF83D474A33FA64E8.sgf	18101	existing
rating-games_0120384B8DBAABB25703DDBABEDC727D.sgf	https://katagotraining.org/sgf-files/rating-games/0120384B8DBAABB25703DDBABEDC727D.sgf	7001	existing
training-games_794177247D1CE5A4E6FDA6ECC6DD565C.sgf	https://katagotraining.org/sgf-files/training-games/794177247D1CE5A4E6FDA6ECC6DD565C.sgf	16865	existing
training-games_079E43E3F29E39A4B8AF0FDE1E4ABC63.sgf	https://katagotraining.org/sgf-files/training-games/079E43E3F29E39A4B8AF0FDE1E4ABC63.sgf	15540	existing
training-games_3C47C156AA0E8F7B24B4A4F9430A3D1E.sgf	https://katagotraining.org/sgf-files/training-games/3C47C156AA0E8F7B24B4A4F9430A3D1E.sgf	17446	existing
training-games_A097C813F62F096C273AB47E3DF75264.sgf	https://katagotraining.org/sgf-files/training-games/A097C813F62F096C273AB47E3DF75264.sgf	14236	existing
training-games_B20DB0E353BFA92566F1DFD3DFA32C55.sgf	https://katagotraining.org/sgf-files/training-games/B20DB0E353BFA92566F1DFD3DFA32C55.sgf	10773	existing
rating-games_CE981739413591A725951ABB5E36CAEE.sgf	https://katagotraining.org/sgf-files/rating-games/CE981739413591A725951ABB5E36CAEE.sgf	8450	existing
training-games_2090B88000BAB1E672BDA5BE1CFCBABA.sgf	https://katagotraining.org/sgf-files/training-games/2090B88000BAB1E672BDA5BE1CFCBABA.sgf	17848	existing
rating-games_21EC3EC10851F0F5BD8AB23A443764CB.sgf	https://katagotraining.org/sgf-files/rating-games/21EC3EC10851F0F5BD8AB23A443764CB.sgf	5898	existing
rating-games_3D241230CE645C7D173CA7426DDF3C49.sgf	https://katagotraining.org/sgf-files/rating-games/3D241230CE645C7D173CA7426DDF3C49.sgf	8045	existing
training-games_F5E484A19C33344D3CEC2711E6352953.sgf	https://katagotraining.org/sgf-files/training-games/F5E484A19C33344D3CEC2711E6352953.sgf	15569	existing
training-games_97D7C0D3515B39DB18EFADDBB065E170.sgf	https://katagotraining.org/sgf-files/training-games/97D7C0D3515B39DB18EFADDBB065E170.sgf	15218	existing
training-games_A6A1589D1DBD6C94F60FAAD0AAE4F6F1.sgf	https://katagotraining.org/sgf-files/training-games/A6A1589D1DBD6C94F60FAAD0AAE4F6F1.sgf	15346	existing
rating-games_25828264F2EBBC3177A50AE5A94CAEC3.sgf	https://katagotraining.org/sgf-files/rating-games/25828264F2EBBC3177A50AE5A94CAEC3.sgf	5602	existing
rating-games_14828B527ACC78D5ABCC5800209BA435.sgf	https://katagotraining.org/sgf-files/rating-games/14828B527ACC78D5ABCC5800209BA435.sgf	4371	existing
training-games_D51E42E54BEFB79EB0823C46C8D4BAEF.sgf	https://katagotraining.org/sgf-files/training-games/D51E42E54BEFB79EB0823C46C8D4BAEF.sgf	15897	existing
rating-games_046F70C8AFDD97DB83CC441071180404.sgf	https://katagotraining.org/sgf-files/rating-games/046F70C8AFDD97DB83CC441071180404.sgf	8465	existing
training-games_003CE381EDBCCF6AF2C424CB0FC30E82.sgf	https://katagotraining.org/sgf-files/training-games/003CE381EDBCCF6AF2C424CB0FC30E82.sgf	16873	existing
training-games_20A46A1E1B3A6231A940C7FC8349AD8C.sgf	https://katagotraining.org/sgf-files/training-games/20A46A1E1B3A6231A940C7FC8349AD8C.sgf	14175	existing
training-games_5AC24C3C597D1A5241C26F3384CEBD48.sgf	https://katagotraining.org/sgf-files/training-games/5AC24C3C597D1A5241C26F3384CEBD48.sgf	14059	existing
training-games_DDFDA71356C7E26171CAAF259AE06D70.sgf	https://katagotraining.org/sgf-files/training-games/DDFDA71356C7E26171CAAF259AE06D70.sgf	15833	existing
rating-games_88A289D19B5A3E2C24281D63592C6D45.sgf	https://katagotraining.org/sgf-files/rating-games/88A289D19B5A3E2C24281D63592C6D45.sgf	6636	existing
training-games_FFE6E60FEE5619861EE9073DBAB54CCC.sgf	https://katagotraining.org/sgf-files/training-games/FFE6E60FEE5619861EE9073DBAB54CCC.sgf	10902	existing
training-games_59D54ED40FF1D5F59B9C21346158AB7A.sgf	https://katagotraining.org/sgf-files/training-games/59D54ED40FF1D5F59B9C21346158AB7A.sgf	13269	existing
training-games_39812550534FEE34385FEBB55EE3972C.sgf	https://katagotraining.org/sgf-files/training-games/39812550534FEE34385FEBB55EE3972C.sgf	14566	existing
rating-games_DAA814DBE7F9F91F1402C8087231F62A.sgf	https://katagotraining.org/sgf-files/rating-games/DAA814DBE7F9F91F1402C8087231F62A.sgf	6580	existing
rating-games_919403BAE9682E61A6BFAFBA636B0084.sgf	https://katagotraining.org/sgf-files/rating-games/919403BAE9682E61A6BFAFBA636B0084.sgf	5516	existing
rating-games_C22224F0C6917581334C73159A536E2E.sgf	https://katagotraining.org/sgf-files/rating-games/C22224F0C6917581334C73159A536E2E.sgf	8111	existing
rating-games_E87A450D0207BB2092483930F77B9EB9.sgf	https://katagotraining.org/sgf-files/rating-games/E87A450D0207BB2092483930F77B9EB9.sgf	7657	existing
rating-games_46DA26A8A5E9FBA994C4A2C123D16CAA.sgf	https://katagotraining.org/sgf-files/rating-games/46DA26A8A5E9FBA994C4A2C123D16CAA.sgf	6642	existing
training-games_37BD4E5B81AC612A56167174D076EC99.sgf	https://katagotraining.org/sgf-files/training-games/37BD4E5B81AC612A56167174D076EC99.sgf	10529	existing
rating-games_2B1AB88671CAEE1A663C12240A1ABB58.sgf	https://katagotraining.org/sgf-files/rating-games/2B1AB88671CAEE1A663C12240A1ABB58.sgf	9224	existing
rating-games_5AD6C78742B116FD92ED77C0CD4AC60C.sgf	https://katagotraining.org/sgf-files/rating-games/5AD6C78742B116FD92ED77C0CD4AC60C.sgf	6841	existing
training-games_B0464E8AA39D89BE6EF27400FC92A920.sgf	https://katagotraining.org/sgf-files/training-games/B0464E8AA39D89BE6EF27400FC92A920.sgf	17177	existing
rating-games_57F5F4C86D64EDAB37DFFB2EED1D15A8.sgf	https://katagotraining.org/sgf-files/rating-games/57F5F4C86D64EDAB37DFFB2EED1D15A8.sgf	6163	existing
rating-games_D12BF78F79C0E007D76569E57CFF3C35.sgf	https://katagotraining.org/sgf-files/rating-games/D12BF78F79C0E007D76569E57CFF3C35.sgf	4327	existing
training-games_0D2AAED015C4FDFFBED876B45124005C.sgf	https://katagotraining.org/sgf-files/training-games/0D2AAED015C4FDFFBED876B45124005C.sgf	16918	existing
rating-games_EE4AF466A6277C3632AE2C57D1DE4529.sgf	https://katagotraining.org/sgf-files/rating-games/EE4AF466A6277C3632AE2C57D1DE4529.sgf	9147	existing
training-games_24F791793EE52A425D70918D42712F01.sgf	https://katagotraining.org/sgf-files/training-games/24F791793EE52A425D70918D42712F01.sgf	16130	existing
training-games_048F4387452EE454841140BF4D9AC2A7.sgf	https://katagotraining.org/sgf-files/training-games/048F4387452EE454841140BF4D9AC2A7.sgf	15474	existing
rating-games_17F11A6DCA6DBE5396290EA819A13A78.sgf	https://katagotraining.org/sgf-files/rating-games/17F11A6DCA6DBE5396290EA819A13A78.sgf	6588	existing
training-games_9A0CE853761D7A13A2EA1479987AFFF1.sgf	https://katagotraining.org/sgf-files/training-games/9A0CE853761D7A13A2EA1479987AFFF1.sgf	14529	existing
rating-games_337B7E6D187645071321ACD5309B58AE.sgf	https://katagotraining.org/sgf-files/rating-games/337B7E6D187645071321ACD5309B58AE.sgf	8367	existing
training-games_8AB967DFEF33AFFA52B4D33B36884DA9.sgf	https://katagotraining.org/sgf-files/training-games/8AB967DFEF33AFFA52B4D33B36884DA9.sgf	18137	existing
training-games_96CAFC6418C9356C57ED7C2DC138E298.sgf	https://katagotraining.org/sgf-files/training-games/96CAFC6418C9356C57ED7C2DC138E298.sgf	15603	existing
rating-games_D51C95C0BC7BE86F0895358D6C79EAAB.sgf	https://katagotraining.org/sgf-files/rating-games/D51C95C0BC7BE86F0895358D6C79EAAB.sgf	4172	existing
rating-games_AA170ABB40E724F37AC9E3E8F40FEE8A.sgf	https://katagotraining.org/sgf-files/rating-games/AA170ABB40E724F37AC9E3E8F40FEE8A.sgf	7888	existing
training-games_36D4BE5D56153F71415344BDB758B2BC.sgf	https://katagotraining.org/sgf-files/training-games/36D4BE5D56153F71415344BDB758B2BC.sgf	15631	existing
rating-games_DFF5C69B2A3F276CB90425AF4BAFC11F.sgf	https://katagotraining.org/sgf-files/rating-games/DFF5C69B2A3F276CB90425AF4BAFC11F.sgf	8445	existing
rating-games_40A8D1FEBDD85CFA20386FE21622E7F8.sgf	https://katagotraining.org/sgf-files/rating-games/40A8D1FEBDD85CFA20386FE21622E7F8.sgf	5441	existing
training-games_F889078AA52CA554890B91FB68585F80.sgf	https://katagotraining.org/sgf-files/training-games/F889078AA52CA554890B91FB68585F80.sgf	14689	existing
training-games_5627E9844E08AD6FAB21197D1544C332.sgf	https://katagotraining.org/sgf-files/training-games/5627E9844E08AD6FAB21197D1544C332.sgf	14827	existing
training-games_556E1E1A6A77CBA769A9C7B41FC69CFE.sgf	https://katagotraining.org/sgf-files/training-games/556E1E1A6A77CBA769A9C7B41FC69CFE.sgf	14662	existing
training-games_1D7A6B4B6A7DA555F372D269C48E22B1.sgf	https://katagotraining.org/sgf-files/training-games/1D7A6B4B6A7DA555F372D269C48E22B1.sgf	12325	existing
rating-games_25175005BD809B237F16D9BFD05C6CE1.sgf	https://katagotraining.org/sgf-files/rating-games/25175005BD809B237F16D9BFD05C6CE1.sgf	6821	existing
rating-games_DA93281067B79D2E4041815ED452BA28.sgf	https://katagotraining.org/sgf-files/rating-games/DA93281067B79D2E4041815ED452BA28.sgf	7118	existing
rating-games_C75BA07C0A3BAA1B29AD21E750652C70.sgf	https://katagotraining.org/sgf-files/rating-games/C75BA07C0A3BAA1B29AD21E750652C70.sgf	7314	existing
rating-games_FBDA226DDD7C93523EAC8196EDF97E58.sgf	https://katagotraining.org/sgf-files/rating-games/FBDA226DDD7C93523EAC8196EDF97E58.sgf	8366	existing
training-games_3B2280E99DDF78C12F83081151E8A284.sgf	https://katagotraining.org/sgf-files/training-games/3B2280E99DDF78C12F83081151E8A284.sgf	12710	existing
training-games_86182278A518427AF40F1D8C4B891C77.sgf	https://katagotraining.org/sgf-files/training-games/86182278A518427AF40F1D8C4B891C77.sgf	17179	existing
rating-games_10BFDA8D63304E4366AB2985502AB25A.sgf	https://katagotraining.org/sgf-files/rating-games/10BFDA8D63304E4366AB2985502AB25A.sgf	7451	existing
training-games_A0EA6618F0C0AEE43A8E387B7F1CF80E.sgf	https://katagotraining.org/sgf-files/training-games/A0EA6618F0C0AEE43A8E387B7F1CF80E.sgf	16174	existing
rating-games_4781D021DD7208C30F95091C12659CF1.sgf	https://katagotraining.org/sgf-files/rating-games/4781D021DD7208C30F95091C12659CF1.sgf	7671	existing
training-games_87D33FB476E4933E58652F5F37E32CFB.sgf	https://katagotraining.org/sgf-files/training-games/87D33FB476E4933E58652F5F37E32CFB.sgf	8747	existing
training-games_3F8C93B4B7278ECC78D0DDF7EE299E6D.sgf	https://katagotraining.org/sgf-files/training-games/3F8C93B4B7278ECC78D0DDF7EE299E6D.sgf	7777	existing
training-games_BFB88A758A663E946427D29AF6410C65.sgf	https://katagotraining.org/sgf-files/training-games/BFB88A758A663E946427D29AF6410C65.sgf	17612	existing
training-games_0704C9D79F48BFF191861953A94C39EC.sgf	https://katagotraining.org/sgf-files/training-games/0704C9D79F48BFF191861953A94C39EC.sgf	15921	existing
rating-games_038C75BD7E6C009CC3D2F8CAD15C3093.sgf	https://katagotraining.org/sgf-files/rating-games/038C75BD7E6C009CC3D2F8CAD15C3093.sgf	6528	existing
rating-games_1570A5674A66806C5FE4FF3A5A9E43F5.sgf	https://katagotraining.org/sgf-files/rating-games/1570A5674A66806C5FE4FF3A5A9E43F5.sgf	6252	existing
rating-games_AB7A61D5599F4D616B23937753566DDF.sgf	https://katagotraining.org/sgf-files/rating-games/AB7A61D5599F4D616B23937753566DDF.sgf	4397	existing
rating-games_AB511DAA9B016E52894270FEED816E10.sgf	https://katagotraining.org/sgf-files/rating-games/AB511DAA9B016E52894270FEED816E10.sgf	4538	existing
training-games_162BD5AFC87F073B52B3FE3801018759.sgf	https://katagotraining.org/sgf-files/training-games/162BD5AFC87F073B52B3FE3801018759.sgf	10307	existing
rating-games_B771A2818B50DD97B6E66A1A4870E86B.sgf	https://katagotraining.org/sgf-files/rating-games/B771A2818B50DD97B6E66A1A4870E86B.sgf	8371	existing
training-games_DECB58F743D1559E817837C8F51A0250.sgf	https://katagotraining.org/sgf-files/training-games/DECB58F743D1559E817837C8F51A0250.sgf	16604	existing
training-games_8C500E77C25B5D1E513C0A04300BB469.sgf	https://katagotraining.org/sgf-files/training-games/8C500E77C25B5D1E513C0A04300BB469.sgf	16397	existing
rating-games_754592E3BD91683CB3414B3818B98DEF.sgf	https://katagotraining.org/sgf-files/rating-games/754592E3BD91683CB3414B3818B98DEF.sgf	7088	existing
training-games_B12C20A568439F67983C7B2CC83AFCEB.sgf	https://katagotraining.org/sgf-files/training-games/B12C20A568439F67983C7B2CC83AFCEB.sgf	13942	existing
rating-games_43EC1FF61FB6CF4E6E71C323DA42D7E1.sgf	https://katagotraining.org/sgf-files/rating-games/43EC1FF61FB6CF4E6E71C323DA42D7E1.sgf	8435	existing
rating-games_274F961185F80C1F9F5DF69DA333154E.sgf	https://katagotraining.org/sgf-files/rating-games/274F961185F80C1F9F5DF69DA333154E.sgf	9479	existing
rating-games_A54E8637F4CDF946F373EB3382D68398.sgf	https://katagotraining.org/sgf-files/rating-games/A54E8637F4CDF946F373EB3382D68398.sgf	7655	existing
training-games_AB4622F9CDD2EF91B5A420FF0591619C.sgf	https://katagotraining.org/sgf-files/training-games/AB4622F9CDD2EF91B5A420FF0591619C.sgf	15351	existing
training-games_55F36E1182E63FBC07D96E55F19DEBB7.sgf	https://katagotraining.org/sgf-files/training-games/55F36E1182E63FBC07D96E55F19DEBB7.sgf	14662	existing
training-games_F005D26523F5742F2700BD7273725D31.sgf	https://katagotraining.org/sgf-files/training-games/F005D26523F5742F2700BD7273725D31.sgf	15091	existing
training-games_C41DC9E5B30DE838F698A1D1593E18E7.sgf	https://katagotraining.org/sgf-files/training-games/C41DC9E5B30DE838F698A1D1593E18E7.sgf	13154	existing
rating-games_7249872DF08E5B3A164BF5F7112B2AB6.sgf	https://katagotraining.org/sgf-files/rating-games/7249872DF08E5B3A164BF5F7112B2AB6.sgf	4188	existing
rating-games_759DEF1DB76213EE2E808D16B3C72069.sgf	https://katagotraining.org/sgf-files/rating-games/759DEF1DB76213EE2E808D16B3C72069.sgf	7157	existing
rating-games_AD83E32E0CCDAB2C2AE017954E969022.sgf	https://katagotraining.org/sgf-files/rating-games/AD83E32E0CCDAB2C2AE017954E969022.sgf	5971	existing
rating-games_C9DC27248599811A50449D148CF92671.sgf	https://katagotraining.org/sgf-files/rating-games/C9DC27248599811A50449D148CF92671.sgf	6167	existing
training-games_9A5E165238A1226D91DC25A462F2776E.sgf	https://katagotraining.org/sgf-files/training-games/9A5E165238A1226D91DC25A462F2776E.sgf	13411	existing
training-games_A7B0DC5901F12E23E57580ADF28EF95E.sgf	https://katagotraining.org/sgf-files/training-games/A7B0DC5901F12E23E57580ADF28EF95E.sgf	19013	existing
rating-games_6112A0B2267092608247F1CEF5847734.sgf	https://katagotraining.org/sgf-files/rating-games/6112A0B2267092608247F1CEF5847734.sgf	6792	existing
training-games_7853EC9F7241EBB209F17787D17ADDAC.sgf	https://katagotraining.org/sgf-files/training-games/7853EC9F7241EBB209F17787D17ADDAC.sgf	14977	existing
rating-games_1FAE76A8F26E03C749E9305C2B886578.sgf	https://katagotraining.org/sgf-files/rating-games/1FAE76A8F26E03C749E9305C2B886578.sgf	6442	existing
training-games_F16DBF8FCC228872B983F3A0CCACF7CB.sgf	https://katagotraining.org/sgf-files/training-games/F16DBF8FCC228872B983F3A0CCACF7CB.sgf	7800	existing
rating-games_47EF368BA04642A0AD6AF714767DCD4A.sgf	https://katagotraining.org/sgf-files/rating-games/47EF368BA04642A0AD6AF714767DCD4A.sgf	6245	existing
training-games_BDC5356DE2FBC075CA4089092C41E8D7.sgf	https://katagotraining.org/sgf-files/training-games/BDC5356DE2FBC075CA4089092C41E8D7.sgf	15735	existing
rating-games_D10148BDB509B7A732AB4F0935D5B112.sgf	https://katagotraining.org/sgf-files/rating-games/D10148BDB509B7A732AB4F0935D5B112.sgf	11538	existing
training-games_8E4BCBA25D6E0B32BBDC3AEB9C923015.sgf	https://katagotraining.org/sgf-files/training-games/8E4BCBA25D6E0B32BBDC3AEB9C923015.sgf	14700	existing
rating-games_C513FD81A24CE920F7F22F8307D8B730.sgf	https://katagotraining.org/sgf-files/rating-games/C513FD81A24CE920F7F22F8307D8B730.sgf	5174	existing
rating-games_C9EDAF02059405293F599F9F95090DAF.sgf	https://katagotraining.org/sgf-files/rating-games/C9EDAF02059405293F599F9F95090DAF.sgf	7156	existing
rating-games_E8884A1B6A09353A9CC86DB7B7050CE5.sgf	https://katagotraining.org/sgf-files/rating-games/E8884A1B6A09353A9CC86DB7B7050CE5.sgf	6274	existing
rating-games_E8493B89A4E8044A28B5BC0918CF945C.sgf	https://katagotraining.org/sgf-files/rating-games/E8493B89A4E8044A28B5BC0918CF945C.sgf	9264	existing
rating-games_FE3BD417E2CF49ECB7B4AB4D9951123E.sgf	https://katagotraining.org/sgf-files/rating-games/FE3BD417E2CF49ECB7B4AB4D9951123E.sgf	10818	existing
rating-games_5C164B1E8A6F56A715E1366A79DA1810.sgf	https://katagotraining.org/sgf-files/rating-games/5C164B1E8A6F56A715E1366A79DA1810.sgf	3826	existing
training-games_FF8426EABB52DCE9F1D74437D0C33D59.sgf	https://katagotraining.org/sgf-files/training-games/FF8426EABB52DCE9F1D74437D0C33D59.sgf	17078	existing
training-games_7F4D923DA4EC7B34B31F48AC0ACCFCAB.sgf	https://katagotraining.org/sgf-files/training-games/7F4D923DA4EC7B34B31F48AC0ACCFCAB.sgf	10903	existing
rating-games_31AAF63A37738D8C15BE26BD4CA128CE.sgf	https://katagotraining.org/sgf-files/rating-games/31AAF63A37738D8C15BE26BD4CA128CE.sgf	8903	existing
rating-games_840F017B4C92F140B1465B9FDBB1DE7F.sgf	https://katagotraining.org/sgf-files/rating-games/840F017B4C92F140B1465B9FDBB1DE7F.sgf	8373	existing
training-games_9BF9A49C89D094BD9625542A1471514D.sgf	https://katagotraining.org/sgf-files/training-games/9BF9A49C89D094BD9625542A1471514D.sgf	15614	existing
rating-games_6A292CF8F5779D5779749FBC4ABF0998.sgf	https://katagotraining.org/sgf-files/rating-games/6A292CF8F5779D5779749FBC4ABF0998.sgf	7590	existing
rating-games_FD388DF661F76E8ADAFE73DE6BB3E2C2.sgf	https://katagotraining.org/sgf-files/rating-games/FD388DF661F76E8ADAFE73DE6BB3E2C2.sgf	7736	existing
rating-games_09BCC3763F58B96BF668019117C87149.sgf	https://katagotraining.org/sgf-files/rating-games/09BCC3763F58B96BF668019117C87149.sgf	7397	existing
rating-games_06F542670B670FFF3130AE56966ABB19.sgf	https://katagotraining.org/sgf-files/rating-games/06F542670B670FFF3130AE56966ABB19.sgf	7523	existing
training-games_E75311973FD7D369292BE4FE139A69C6.sgf	https://katagotraining.org/sgf-files/training-games/E75311973FD7D369292BE4FE139A69C6.sgf	19207	existing
training-games_8821261934B29373562DD749CC729FE7.sgf	https://katagotraining.org/sgf-files/training-games/8821261934B29373562DD749CC729FE7.sgf	15052	existing
rating-games_E23AF38E4055002E7629B9B973E4D8B3.sgf	https://katagotraining.org/sgf-files/rating-games/E23AF38E4055002E7629B9B973E4D8B3.sgf	7212	existing
rating-games_937FADA851C4F00822700DF0AF604FC4.sgf	https://katagotraining.org/sgf-files/rating-games/937FADA851C4F00822700DF0AF604FC4.sgf	5871	existing
rating-games_755AB0AC25F402E556699D37D50566E3.sgf	https://katagotraining.org/sgf-files/rating-games/755AB0AC25F402E556699D37D50566E3.sgf	8074	existing
training-games_4F0697B880473E23837DAE0E7E250A16.sgf	https://katagotraining.org/sgf-files/training-games/4F0697B880473E23837DAE0E7E250A16.sgf	14670	existing
training-games_C67283FC1B4DE39FDA4D61AA86C7F51C.sgf	https://katagotraining.org/sgf-files/training-games/C67283FC1B4DE39FDA4D61AA86C7F51C.sgf	16363	existing
training-games_A19DEEFAB62BB036E6B90B04D4883236.sgf	https://katagotraining.org/sgf-files/training-games/A19DEEFAB62BB036E6B90B04D4883236.sgf	14050	existing
rating-games_D699765A7AE733D65130D06E276209B6.sgf	https://katagotraining.org/sgf-files/rating-games/D699765A7AE733D65130D06E276209B6.sgf	9917	existing
training-games_B6142B416EFD4028E67AA7BE72C48364.sgf	https://katagotraining.org/sgf-files/training-games/B6142B416EFD4028E67AA7BE72C48364.sgf	15211	existing
rating-games_D8DFA480C27B857E8DE671219C8B3CCF.sgf	https://katagotraining.org/sgf-files/rating-games/D8DFA480C27B857E8DE671219C8B3CCF.sgf	5277	existing
training-games_97F48FFF3DD1F4B7AB1C6F32EC88AAE4.sgf	https://katagotraining.org/sgf-files/training-games/97F48FFF3DD1F4B7AB1C6F32EC88AAE4.sgf	14879	existing
training-games_8DB70DF66C594121488EB63D36EB9BD1.sgf	https://katagotraining.org/sgf-files/training-games/8DB70DF66C594121488EB63D36EB9BD1.sgf	11200	existing
training-games_675008400987A608AEFCADE0BC8F8DDC.sgf	https://katagotraining.org/sgf-files/training-games/675008400987A608AEFCADE0BC8F8DDC.sgf	14787	existing
rating-games_E772ED2D55372A82947E040BF7A42AFC.sgf	https://katagotraining.org/sgf-files/rating-games/E772ED2D55372A82947E040BF7A42AFC.sgf	6346	existing
rating-games_A4DE1A327467796ED640A363CEEA04A0.sgf	https://katagotraining.org/sgf-files/rating-games/A4DE1A327467796ED640A363CEEA04A0.sgf	7286	existing
rating-games_A156FF6C87ACCC861947B25B465C7846.sgf	https://katagotraining.org/sgf-files/rating-games/A156FF6C87ACCC861947B25B465C7846.sgf	6422	existing
rating-games_D3BA8071670CBA646A698D5D780C4AE4.sgf	https://katagotraining.org/sgf-files/rating-games/D3BA8071670CBA646A698D5D780C4AE4.sgf	6035	existing
training-games_29C2ADDFFBBCD1D04C5EAEBFBE6BA89C.sgf	https://katagotraining.org/sgf-files/training-games/29C2ADDFFBBCD1D04C5EAEBFBE6BA89C.sgf	13282	existing
rating-games_AC78B3C915EEFF99B1E23B4FB3D124C5.sgf	https://katagotraining.org/sgf-files/rating-games/AC78B3C915EEFF99B1E23B4FB3D124C5.sgf	7442	existing
rating-games_950C030B2A6131FB68F2351C0168E8FA.sgf	https://katagotraining.org/sgf-files/rating-games/950C030B2A6131FB68F2351C0168E8FA.sgf	5569	existing
training-games_62417C9CA25F48553783146245975918.sgf	https://katagotraining.org/sgf-files/training-games/62417C9CA25F48553783146245975918.sgf	16270	existing
training-games_94582CDABCA233A0F4D3BA8A29266951.sgf	https://katagotraining.org/sgf-files/training-games/94582CDABCA233A0F4D3BA8A29266951.sgf	14984	existing
training-games_CCF81F9A8FCA810E5B45FDEC25B36CEE.sgf	https://katagotraining.org/sgf-files/training-games/CCF81F9A8FCA810E5B45FDEC25B36CEE.sgf	12411	existing
rating-games_E4B00C2F16B3B22B77E72D63FBC75E93.sgf	https://katagotraining.org/sgf-files/rating-games/E4B00C2F16B3B22B77E72D63FBC75E93.sgf	7022	existing
training-games_9A7654BB0A25A55C4BAA118051B96553.sgf	https://katagotraining.org/sgf-files/training-games/9A7654BB0A25A55C4BAA118051B96553.sgf	17004	existing
rating-games_5D643609AD3FF8C379376BE876C6FD25.sgf	https://katagotraining.org/sgf-files/rating-games/5D643609AD3FF8C379376BE876C6FD25.sgf	7478	existing
rating-games_0313B2B241097A7B3B02DBE587DFE51B.sgf	https://katagotraining.org/sgf-files/rating-games/0313B2B241097A7B3B02DBE587DFE51B.sgf	6391	existing
training-games_1818401059FED77E989508FDFB835851.sgf	https://katagotraining.org/sgf-files/training-games/1818401059FED77E989508FDFB835851.sgf	14608	existing
rating-games_1CF6C7CB3FA9933840A10996DBEE3690.sgf	https://katagotraining.org/sgf-files/rating-games/1CF6C7CB3FA9933840A10996DBEE3690.sgf	8116	existing
training-games_2A0C9925F983CF0CC47C33386CE3937B.sgf	https://katagotraining.org/sgf-files/training-games/2A0C9925F983CF0CC47C33386CE3937B.sgf	12893	existing
training-games_4D0F3B30F17A72A6961156353026F17B.sgf	https://katagotraining.org/sgf-files/training-games/4D0F3B30F17A72A6961156353026F17B.sgf	12891	existing
rating-games_5D818BB4D4367D2EA470C57AE393342B.sgf	https://katagotraining.org/sgf-files/rating-games/5D818BB4D4367D2EA470C57AE393342B.sgf	8448	existing
rating-games_CA1573EEB9C35489A2E2BE3295E9765F.sgf	https://katagotraining.org/sgf-files/rating-games/CA1573EEB9C35489A2E2BE3295E9765F.sgf	12694	existing
rating-games_D596FE941440FFF76384721320950DAD.sgf	https://katagotraining.org/sgf-files/rating-games/D596FE941440FFF76384721320950DAD.sgf	12301	existing
training-games_FF326885332683AE3D794692C0516230.sgf	https://katagotraining.org/sgf-files/training-games/FF326885332683AE3D794692C0516230.sgf	13228	existing
rating-games_EC3E03BCCBBF2F21159F8691989A0D4B.sgf	https://katagotraining.org/sgf-files/rating-games/EC3E03BCCBBF2F21159F8691989A0D4B.sgf	6270	existing
rating-games_5CC36BAC6F4E72FE4F665E8EECA23FBE.sgf	https://katagotraining.org/sgf-files/rating-games/5CC36BAC6F4E72FE4F665E8EECA23FBE.sgf	6449	existing
rating-games_6D89D68B9A715D6D3443297B490CD93D.sgf	https://katagotraining.org/sgf-files/rating-games/6D89D68B9A715D6D3443297B490CD93D.sgf	7990	existing
rating-games_0D185906DFE639EB90FD2AF255679BC4.sgf	https://katagotraining.org/sgf-files/rating-games/0D185906DFE639EB90FD2AF255679BC4.sgf	6548	existing
training-games_F3ECC1869E66B82B6F89402937291CDF.sgf	https://katagotraining.org/sgf-files/training-games/F3ECC1869E66B82B6F89402937291CDF.sgf	15043	existing
training-games_0D41AF5829E16DDC51B99C516D651E5B.sgf	https://katagotraining.org/sgf-files/training-games/0D41AF5829E16DDC51B99C516D651E5B.sgf	17280	existing
rating-games_36DAE975912D5D3E5AEE5DD87CB42BEA.sgf	https://katagotraining.org/sgf-files/rating-games/36DAE975912D5D3E5AEE5DD87CB42BEA.sgf	10655	existing
rating-games_06F9E2B16A4B9B99CD85195DD3939C35.sgf	https://katagotraining.org/sgf-files/rating-games/06F9E2B16A4B9B99CD85195DD3939C35.sgf	8855	existing
rating-games_DCB1883234433292E8CBEFC0552AAE4F.sgf	https://katagotraining.org/sgf-files/rating-games/DCB1883234433292E8CBEFC0552AAE4F.sgf	11072	existing
rating-games_86314F13C6D2D8DE8A5932B6990F4AFB.sgf	https://katagotraining.org/sgf-files/rating-games/86314F13C6D2D8DE8A5932B6990F4AFB.sgf	7013	existing
training-games_675DB47FBE8EA1049924F09424239849.sgf	https://katagotraining.org/sgf-files/training-games/675DB47FBE8EA1049924F09424239849.sgf	16592	existing
rating-games_EE113EADE981BF1B9C1BD3E317B4FE94.sgf	https://katagotraining.org/sgf-files/rating-games/EE113EADE981BF1B9C1BD3E317B4FE94.sgf	5461	existing
training-games_3B431E5536A4288DB03C6EE71AB73008.sgf	https://katagotraining.org/sgf-files/training-games/3B431E5536A4288DB03C6EE71AB73008.sgf	13552	existing
rating-games_BDCDA48FE1A268A3676CD45BD6C465FD.sgf	https://katagotraining.org/sgf-files/rating-games/BDCDA48FE1A268A3676CD45BD6C465FD.sgf	8014	existing
training-games_C0E8196E2976DEEDE08CE8818C5C3EA6.sgf	https://katagotraining.org/sgf-files/training-games/C0E8196E2976DEEDE08CE8818C5C3EA6.sgf	16595	existing
rating-games_76D9F79652D8510ABFF455FE8458DB53.sgf	https://katagotraining.org/sgf-files/rating-games/76D9F79652D8510ABFF455FE8458DB53.sgf	5671	existing
rating-games_A6CD3D73598D18A8D967726DF23DD1F3.sgf	https://katagotraining.org/sgf-files/rating-games/A6CD3D73598D18A8D967726DF23DD1F3.sgf	7331	existing
rating-games_5E58C02861443D819D304FB4D3793115.sgf	https://katagotraining.org/sgf-files/rating-games/5E58C02861443D819D304FB4D3793115.sgf	5002	existing
rating-games_B78ECA4759D022ACA282BA655BDF9E64.sgf	https://katagotraining.org/sgf-files/rating-games/B78ECA4759D022ACA282BA655BDF9E64.sgf	7349	existing
training-games_2282241B01F2217607EA892E8A482F35.sgf	https://katagotraining.org/sgf-files/training-games/2282241B01F2217607EA892E8A482F35.sgf	10183	existing
rating-games_DFDC2AA901D6099D4835EB936E1FD0EA.sgf	https://katagotraining.org/sgf-files/rating-games/DFDC2AA901D6099D4835EB936E1FD0EA.sgf	6761	existing
training-games_E96076C1B9B8D0F42FFF3BBDF566275B.sgf	https://katagotraining.org/sgf-files/training-games/E96076C1B9B8D0F42FFF3BBDF566275B.sgf	16685	existing
training-games_E81707659BE7FE02CDD80EBD0D6D3C80.sgf	https://katagotraining.org/sgf-files/training-games/E81707659BE7FE02CDD80EBD0D6D3C80.sgf	14402	existing
training-games_6D519ABECC305A249001434E7803C6F2.sgf	https://katagotraining.org/sgf-files/training-games/6D519ABECC305A249001434E7803C6F2.sgf	16081	existing
rating-games_9312F6696DC0223B2BA9954C78C4AB83.sgf	https://katagotraining.org/sgf-files/rating-games/9312F6696DC0223B2BA9954C78C4AB83.sgf	7190	existing
rating-games_AE2700286594D47B25CC1EB559301FCB.sgf	https://katagotraining.org/sgf-files/rating-games/AE2700286594D47B25CC1EB559301FCB.sgf	9031	existing
rating-games_B7F1F083E7B1D658434BF46F21880F09.sgf	https://katagotraining.org/sgf-files/rating-games/B7F1F083E7B1D658434BF46F21880F09.sgf	6602	existing
rating-games_3D3C79287182FFB494BE36F3F55B40D7.sgf	https://katagotraining.org/sgf-files/rating-games/3D3C79287182FFB494BE36F3F55B40D7.sgf	7387	existing
training-games_AE2FEB14885F3C81A92E3455D66C01B1.sgf	https://katagotraining.org/sgf-files/training-games/AE2FEB14885F3C81A92E3455D66C01B1.sgf	13562	existing
training-games_EC4F198CC089E3BD644ABCAD3F83F466.sgf	https://katagotraining.org/sgf-files/training-games/EC4F198CC089E3BD644ABCAD3F83F466.sgf	17037	existing
rating-games_024BA72E405ABA8D6C3CC731C448AFDE.sgf	https://katagotraining.org/sgf-files/rating-games/024BA72E405ABA8D6C3CC731C448AFDE.sgf	7414	existing
rating-games_27478A073D5250E7D3C8D3E27FDE5AEC.sgf	https://katagotraining.org/sgf-files/rating-games/27478A073D5250E7D3C8D3E27FDE5AEC.sgf	7976	existing
rating-games_8C7D7500DE0FB427824C400D6F002C3A.sgf	https://katagotraining.org/sgf-files/rating-games/8C7D7500DE0FB427824C400D6F002C3A.sgf	7281	existing
rating-games_E438ECC8B9E08281B0737A2A40B75D59.sgf	https://katagotraining.org/sgf-files/rating-games/E438ECC8B9E08281B0737A2A40B75D59.sgf	5603	existing
rating-games_3EDA0268527CE30386BC3046A338655B.sgf	https://katagotraining.org/sgf-files/rating-games/3EDA0268527CE30386BC3046A338655B.sgf	9203	existing
training-games_92364AE91AFC9F1EA7ED0FBD6CABC972.sgf	https://katagotraining.org/sgf-files/training-games/92364AE91AFC9F1EA7ED0FBD6CABC972.sgf	17481	existing
rating-games_1AD77729E519DD263F434F016E2C8653.sgf	https://katagotraining.org/sgf-files/rating-games/1AD77729E519DD263F434F016E2C8653.sgf	8695	existing
rating-games_390773433BA86A53778429F70DC32975.sgf	https://katagotraining.org/sgf-files/rating-games/390773433BA86A53778429F70DC32975.sgf	5831	existing
rating-games_B44E733156C76D18F435DD0EF1CDACDD.sgf	https://katagotraining.org/sgf-files/rating-games/B44E733156C76D18F435DD0EF1CDACDD.sgf	10431	existing
rating-games_0CC0C22390E83FFA832898834130C1D7.sgf	https://katagotraining.org/sgf-files/rating-games/0CC0C22390E83FFA832898834130C1D7.sgf	7223	existing
training-games_19736439E2A220160EDDD921F84DA513.sgf	https://katagotraining.org/sgf-files/training-games/19736439E2A220160EDDD921F84DA513.sgf	14050	existing
rating-games_3AC0365A98BAD067F6E14D1C1572289D.sgf	https://katagotraining.org/sgf-files/rating-games/3AC0365A98BAD067F6E14D1C1572289D.sgf	7511	existing
training-games_89B413EB1985300BF04F6800DF7D82FA.sgf	https://katagotraining.org/sgf-files/training-games/89B413EB1985300BF04F6800DF7D82FA.sgf	13121	existing
training-games_5A9878103C6CEA38FC9F123892B5BDF1.sgf	https://katagotraining.org/sgf-files/training-games/5A9878103C6CEA38FC9F123892B5BDF1.sgf	15309	existing
rating-games_E2A23CE84216A6E4611F5C7BD024DC29.sgf	https://katagotraining.org/sgf-files/rating-games/E2A23CE84216A6E4611F5C7BD024DC29.sgf	7414	existing
rating-games_08F1CBC91913B8956892DA0CE1257925.sgf	https://katagotraining.org/sgf-files/rating-games/08F1CBC91913B8956892DA0CE1257925.sgf	8065	existing
training-games_C2874B3988B2B1D61BE4DFDC7C679BE5.sgf	https://katagotraining.org/sgf-files/training-games/C2874B3988B2B1D61BE4DFDC7C679BE5.sgf	5575	existing
training-games_8A451D446FF895F082A5B3F939348E5A.sgf	https://katagotraining.org/sgf-files/training-games/8A451D446FF895F082A5B3F939348E5A.sgf	11873	existing
rating-games_721BE912755F79BDE8C40A455FE551B8.sgf	https://katagotraining.org/sgf-files/rating-games/721BE912755F79BDE8C40A455FE551B8.sgf	6423	existing
rating-games_0DC7956A509AE95671E40679186647FC.sgf	https://katagotraining.org/sgf-files/rating-games/0DC7956A509AE95671E40679186647FC.sgf	5269	existing
training-games_053E8A7FBD63CCB3182288777D552C20.sgf	https://katagotraining.org/sgf-files/training-games/053E8A7FBD63CCB3182288777D552C20.sgf	15002	existing
training-games_AF89E505BF73C1251454078EEC887EDF.sgf	https://katagotraining.org/sgf-files/training-games/AF89E505BF73C1251454078EEC887EDF.sgf	17113	existing
training-games_D061314B211A8AE58A61221C58BE540B.sgf	https://katagotraining.org/sgf-files/training-games/D061314B211A8AE58A61221C58BE540B.sgf	14581	existing
training-games_70A592D7321B34407B816C2122A824E2.sgf	https://katagotraining.org/sgf-files/training-games/70A592D7321B34407B816C2122A824E2.sgf	17017	existing
training-games_972A22DCEA3C323594A496A2CBA757A2.sgf	https://katagotraining.org/sgf-files/training-games/972A22DCEA3C323594A496A2CBA757A2.sgf	11454	existing
training-games_1771BD612D4EB3B2961F66F4B78BC968.sgf	https://katagotraining.org/sgf-files/training-games/1771BD612D4EB3B2961F66F4B78BC968.sgf	11099	existing
rating-games_51C2B76345FC90CEF2AF4F4B4E21338B.sgf	https://katagotraining.org/sgf-files/rating-games/51C2B76345FC90CEF2AF4F4B4E21338B.sgf	9108	existing
rating-games_71253E626D940DF38EC300DDDEB030D5.sgf	https://katagotraining.org/sgf-files/rating-games/71253E626D940DF38EC300DDDEB030D5.sgf	5288	existing
training-games_32F5B096990BF347AB1A2EB2F5FD6ECE.sgf	https://katagotraining.org/sgf-files/training-games/32F5B096990BF347AB1A2EB2F5FD6ECE.sgf	12393	existing
rating-games_1543014C7C9237C344168A4E59C72D08.sgf	https://katagotraining.org/sgf-files/rating-games/1543014C7C9237C344168A4E59C72D08.sgf	11644	existing
training-games_8696B73A96A762271595632DDC239277.sgf	https://katagotraining.org/sgf-files/training-games/8696B73A96A762271595632DDC239277.sgf	16403	existing
rating-games_647A0CE024A0F382E3DD8F1C1BDC87CB.sgf	https://katagotraining.org/sgf-files/rating-games/647A0CE024A0F382E3DD8F1C1BDC87CB.sgf	8793	existing
rating-games_A09691AFAC56CE2C0C6417A0BFBD3608.sgf	https://katagotraining.org/sgf-files/rating-games/A09691AFAC56CE2C0C6417A0BFBD3608.sgf	3889	existing
training-games_3F7C589D29BE82344159F2203403C683.sgf	https://katagotraining.org/sgf-files/training-games/3F7C589D29BE82344159F2203403C683.sgf	15853	existing
rating-games_25FED2976EA4702B718ECDB81DAFAC39.sgf	https://katagotraining.org/sgf-files/rating-games/25FED2976EA4702B718ECDB81DAFAC39.sgf	7989	existing
rating-games_8CD7771BD2567FFFD488BF0DC9F91B6D.sgf	https://katagotraining.org/sgf-files/rating-games/8CD7771BD2567FFFD488BF0DC9F91B6D.sgf	5700	existing
rating-games_B940B91351B191EE807E9D0DF54069AB.sgf	https://katagotraining.org/sgf-files/rating-games/B940B91351B191EE807E9D0DF54069AB.sgf	7913	existing
training-games_40D13D47D71567DCD94289DD9386AFFF.sgf	https://katagotraining.org/sgf-files/training-games/40D13D47D71567DCD94289DD9386AFFF.sgf	12172	existing
rating-games_9219616A4306819B8AD338DBA9CAB8EE.sgf	https://katagotraining.org/sgf-files/rating-games/9219616A4306819B8AD338DBA9CAB8EE.sgf	7488	existing
training-games_0D26A5BECEA7E0A48AEAB02EED5FB054.sgf	https://katagotraining.org/sgf-files/training-games/0D26A5BECEA7E0A48AEAB02EED5FB054.sgf	14754	existing
rating-games_B326F39D5453BB5E9B763F54428553B3.sgf	https://katagotraining.org/sgf-files/rating-games/B326F39D5453BB5E9B763F54428553B3.sgf	10092	existing
training-games_2D2F68BEB16DA6D0C016930A89EAD419.sgf	https://katagotraining.org/sgf-files/training-games/2D2F68BEB16DA6D0C016930A89EAD419.sgf	15681	existing
rating-games_94AC0B4E3730291284E093A30E675109.sgf	https://katagotraining.org/sgf-files/rating-games/94AC0B4E3730291284E093A30E675109.sgf	7305	existing
rating-games_E645B1AF0E17AB1CED8D91D31C79401D.sgf	https://katagotraining.org/sgf-files/rating-games/E645B1AF0E17AB1CED8D91D31C79401D.sgf	6603	existing
training-games_940FEB2E997220699C4E582EB18F8E13.sgf	https://katagotraining.org/sgf-files/training-games/940FEB2E997220699C4E582EB18F8E13.sgf	14004	existing
rating-games_CAC116F365F03678E276CAE5E4D78C7A.sgf	https://katagotraining.org/sgf-files/rating-games/CAC116F365F03678E276CAE5E4D78C7A.sgf	7521	existing
training-games_EE8682D5785B865FA06349C7567099E8.sgf	https://katagotraining.org/sgf-files/training-games/EE8682D5785B865FA06349C7567099E8.sgf	18591	existing
training-games_EA1452A4926B403B35308A32763C7E7D.sgf	https://katagotraining.org/sgf-files/training-games/EA1452A4926B403B35308A32763C7E7D.sgf	15566	existing
rating-games_89AE4A31AA2D3D3D824273DF80559B04.sgf	https://katagotraining.org/sgf-files/rating-games/89AE4A31AA2D3D3D824273DF80559B04.sgf	10825	existing
training-games_BFACF399A8A4A53D92ACDA5B01D0CCB5.sgf	https://katagotraining.org/sgf-files/training-games/BFACF399A8A4A53D92ACDA5B01D0CCB5.sgf	13448	existing
rating-games_6ABF85ECA9174270F07BF4959A5936D1.sgf	https://katagotraining.org/sgf-files/rating-games/6ABF85ECA9174270F07BF4959A5936D1.sgf	4931	existing
training-games_60587125338C0A235CDBD94ED60A701D.sgf	https://katagotraining.org/sgf-files/training-games/60587125338C0A235CDBD94ED60A701D.sgf	17468	existing
rating-games_0AF95043D3D315EED94BFC5D8A5E21D0.sgf	https://katagotraining.org/sgf-files/rating-games/0AF95043D3D315EED94BFC5D8A5E21D0.sgf	6388	existing
training-games_7BA269A3C23C9D6C75C60ED6ED710A35.sgf	https://katagotraining.org/sgf-files/training-games/7BA269A3C23C9D6C75C60ED6ED710A35.sgf	16435	existing
training-games_F23213078E2263A527DBEF02FB6A0E97.sgf	https://katagotraining.org/sgf-files/training-games/F23213078E2263A527DBEF02FB6A0E97.sgf	17253	existing
training-games_5133AB070A6D071DA670A83224752F27.sgf	https://katagotraining.org/sgf-files/training-games/5133AB070A6D071DA670A83224752F27.sgf	13537	existing
rating-games_50CD019BE6FFEAF46B0A7290A921B3CE.sgf	https://katagotraining.org/sgf-files/rating-games/50CD019BE6FFEAF46B0A7290A921B3CE.sgf	4171	existing
training-games_352D486AB63681DE2EDD7DDD9A8B4165.sgf	https://katagotraining.org/sgf-files/training-games/352D486AB63681DE2EDD7DDD9A8B4165.sgf	12820	existing
rating-games_FCBE9C8AADDB59DCD0303CCA798F5FFC.sgf	https://katagotraining.org/sgf-files/rating-games/FCBE9C8AADDB59DCD0303CCA798F5FFC.sgf	5207	existing
training-games_F8161273358609605AEABD402BDA3698.sgf	https://katagotraining.org/sgf-files/training-games/F8161273358609605AEABD402BDA3698.sgf	15123	existing
training-games_94215ADB0B1174001DC16CA5E1CCADB5.sgf	https://katagotraining.org/sgf-files/training-games/94215ADB0B1174001DC16CA5E1CCADB5.sgf	15308	existing
rating-games_6EC9D487521CD4D34CEEB4F63CFD8595.sgf	https://katagotraining.org/sgf-files/rating-games/6EC9D487521CD4D34CEEB4F63CFD8595.sgf	8089	existing
rating-games_123195F39F18282CE4435F1734244DC6.sgf	https://katagotraining.org/sgf-files/rating-games/123195F39F18282CE4435F1734244DC6.sgf	6462	existing
training-games_35706577DBBA766D792723BD73A86152.sgf	https://katagotraining.org/sgf-files/training-games/35706577DBBA766D792723BD73A86152.sgf	14072	existing
training-games_760B67F27413C5E5E8F4EF7229C70DBA.sgf	https://katagotraining.org/sgf-files/training-games/760B67F27413C5E5E8F4EF7229C70DBA.sgf	13659	existing
rating-games_8D25DA3B56799B9868CFBCB1CC34D009.sgf	https://katagotraining.org/sgf-files/rating-games/8D25DA3B56799B9868CFBCB1CC34D009.sgf	4803	existing
rating-games_166DA04F734D6956EE7ED28E23E0E706.sgf	https://katagotraining.org/sgf-files/rating-games/166DA04F734D6956EE7ED28E23E0E706.sgf	5824	existing
training-games_D3CF9AAA6B0B28C96CE1D27C8D698942.sgf	https://katagotraining.org/sgf-files/training-games/D3CF9AAA6B0B28C96CE1D27C8D698942.sgf	14179	existing
training-games_B96CE0281C3782E254509D252D9D4D37.sgf	https://katagotraining.org/sgf-files/training-games/B96CE0281C3782E254509D252D9D4D37.sgf	16724	existing
training-games_AFC211389F71BC758A4AB213AB2DAB6D.sgf	https://katagotraining.org/sgf-files/training-games/AFC211389F71BC758A4AB213AB2DAB6D.sgf	18122	existing
rating-games_4095A9E68AF9D677036CFEA1FD86D4E7.sgf	https://katagotraining.org/sgf-files/rating-games/4095A9E68AF9D677036CFEA1FD86D4E7.sgf	5671	existing
training-games_A2640BABD97C76896187547205DEFA8E.sgf	https://katagotraining.org/sgf-files/training-games/A2640BABD97C76896187547205DEFA8E.sgf	14419	existing
rating-games_F1966CEADAB8E821C0A6561E19A01447.sgf	https://katagotraining.org/sgf-files/rating-games/F1966CEADAB8E821C0A6561E19A01447.sgf	8788	existing
rating-games_88ACD175C028C5A1A8A018F5AB49CD6C.sgf	https://katagotraining.org/sgf-files/rating-games/88ACD175C028C5A1A8A018F5AB49CD6C.sgf	8611	existing
training-games_8ED73E240916AEB718DFC882B24D497A.sgf	https://katagotraining.org/sgf-files/training-games/8ED73E240916AEB718DFC882B24D497A.sgf	15508	existing
rating-games_5E35ED832C66F86412DDA6BBFC5F5E90.sgf	https://katagotraining.org/sgf-files/rating-games/5E35ED832C66F86412DDA6BBFC5F5E90.sgf	6507	existing
rating-games_1F7016536988214A39B28C062A21CDE6.sgf	https://katagotraining.org/sgf-files/rating-games/1F7016536988214A39B28C062A21CDE6.sgf	6771	existing
training-games_46EBA3F7734DC6B195D877BA6775549B.sgf	https://katagotraining.org/sgf-files/training-games/46EBA3F7734DC6B195D877BA6775549B.sgf	17658	existing
rating-games_A0A40158A5BADE829F6599195CFA4E55.sgf	https://katagotraining.org/sgf-files/rating-games/A0A40158A5BADE829F6599195CFA4E55.sgf	10200	existing
training-games_48D30D7FDDD3372C93182350C2868BB0.sgf	https://katagotraining.org/sgf-files/training-games/48D30D7FDDD3372C93182350C2868BB0.sgf	18272	existing
rating-games_1E5C13FA7A5B02853F27E87736817F13.sgf	https://katagotraining.org/sgf-files/rating-games/1E5C13FA7A5B02853F27E87736817F13.sgf	9604	existing
rating-games_8605D22A1DF654504A4B79C3698D4AC8.sgf	https://katagotraining.org/sgf-files/rating-games/8605D22A1DF654504A4B79C3698D4AC8.sgf	9402	existing
rating-games_B132074CF8275097110F7C23BE9D0CD7.sgf	https://katagotraining.org/sgf-files/rating-games/B132074CF8275097110F7C23BE9D0CD7.sgf	6185	existing
rating-games_CB14DF4BF6CBB3BC23C9C4A67A0FA51D.sgf	https://katagotraining.org/sgf-files/rating-games/CB14DF4BF6CBB3BC23C9C4A67A0FA51D.sgf	8232	existing
training-games_605AD7AA92FE26FDE7B2BD9D189A773E.sgf	https://katagotraining.org/sgf-files/training-games/605AD7AA92FE26FDE7B2BD9D189A773E.sgf	17119	existing
training-games_00564BE4FCF9719E2EDB5189EF72A02A.sgf	https://katagotraining.org/sgf-files/training-games/00564BE4FCF9719E2EDB5189EF72A02A.sgf	14382	existing
training-games_08D633D3D6D0A81C4A9115A67E8C1BB0.sgf	https://katagotraining.org/sgf-files/training-games/08D633D3D6D0A81C4A9115A67E8C1BB0.sgf	14415	existing
rating-games_1AD7446D98D30579503E6A09A7B10732.sgf	https://katagotraining.org/sgf-files/rating-games/1AD7446D98D30579503E6A09A7B10732.sgf	7476	existing
training-games_4017EF13D98D23B97CFBE4046A083EE1.sgf	https://katagotraining.org/sgf-files/training-games/4017EF13D98D23B97CFBE4046A083EE1.sgf	17116	existing
rating-games_3F6242CA64C64CF4260E37B81C7E546A.sgf	https://katagotraining.org/sgf-files/rating-games/3F6242CA64C64CF4260E37B81C7E546A.sgf	5790	existing
rating-games_AF6D4B89B462E82C644F9DB5A26F668D.sgf	https://katagotraining.org/sgf-files/rating-games/AF6D4B89B462E82C644F9DB5A26F668D.sgf	9531	existing
rating-games_1601DFB5015BAAC32C2881BC5FDE7AF0.sgf	https://katagotraining.org/sgf-files/rating-games/1601DFB5015BAAC32C2881BC5FDE7AF0.sgf	6662	existing
rating-games_7F414AEBFEBF6ABC3FE419767E9012D0.sgf	https://katagotraining.org/sgf-files/rating-games/7F414AEBFEBF6ABC3FE419767E9012D0.sgf	7719	existing
rating-games_073FE5A42C69D951530C4EFAD40C25AD.sgf	https://katagotraining.org/sgf-files/rating-games/073FE5A42C69D951530C4EFAD40C25AD.sgf	6730	existing
rating-games_05A54ED1415E5645048C166AE54EEA32.sgf	https://katagotraining.org/sgf-files/rating-games/05A54ED1415E5645048C166AE54EEA32.sgf	6469	existing
rating-games_9C151AA6B3A9580E7E2D08787175F43A.sgf	https://katagotraining.org/sgf-files/rating-games/9C151AA6B3A9580E7E2D08787175F43A.sgf	12379	existing
training-games_1DF83CB88ABF46C40448366AC1572D1C.sgf	https://katagotraining.org/sgf-files/training-games/1DF83CB88ABF46C40448366AC1572D1C.sgf	18283	existing
training-games_CC0FB37BD025BFFAEFECD34338C4238C.sgf	https://katagotraining.org/sgf-files/training-games/CC0FB37BD025BFFAEFECD34338C4238C.sgf	17714	existing
rating-games_8888D3F43A6432D0BD8F009107BB2FB9.sgf	https://katagotraining.org/sgf-files/rating-games/8888D3F43A6432D0BD8F009107BB2FB9.sgf	5024	existing
training-games_138CB9D0EB2D30C84578E99A8BC1E44D.sgf	https://katagotraining.org/sgf-files/training-games/138CB9D0EB2D30C84578E99A8BC1E44D.sgf	15087	existing
rating-games_9F310B06748243068991645D0098E9FE.sgf	https://katagotraining.org/sgf-files/rating-games/9F310B06748243068991645D0098E9FE.sgf	6727	existing
rating-games_8ADA75DE42108DC984280F3869F5BE17.sgf	https://katagotraining.org/sgf-files/rating-games/8ADA75DE42108DC984280F3869F5BE17.sgf	4647	existing
rating-games_B6F23774C2B5BDB3DFE8A5FDEF9BAEBF.sgf	https://katagotraining.org/sgf-files/rating-games/B6F23774C2B5BDB3DFE8A5FDEF9BAEBF.sgf	5978	existing
rating-games_10015C5DE4AEBCC371BAF31F2F1CED90.sgf	https://katagotraining.org/sgf-files/rating-games/10015C5DE4AEBCC371BAF31F2F1CED90.sgf	6646	existing
rating-games_14D30213A3BA50D213CDED99796EB78A.sgf	https://katagotraining.org/sgf-files/rating-games/14D30213A3BA50D213CDED99796EB78A.sgf	8163	existing
training-games_47D9BC95EF619648DB32F24ED2E74227.sgf	https://katagotraining.org/sgf-files/training-games/47D9BC95EF619648DB32F24ED2E74227.sgf	14329	existing
training-games_1F36A61EA7C2FF165A5C02A73637E133.sgf	https://katagotraining.org/sgf-files/training-games/1F36A61EA7C2FF165A5C02A73637E133.sgf	16752	existing
training-games_D20BF48C5CA5F37F1859EDC729A35281.sgf	https://katagotraining.org/sgf-files/training-games/D20BF48C5CA5F37F1859EDC729A35281.sgf	16970	existing
training-games_C95683011694B4019F6EAED0EFA6A628.sgf	https://katagotraining.org/sgf-files/training-games/C95683011694B4019F6EAED0EFA6A628.sgf	15310	existing
training-games_7E943625E5453AB2BC3D5215276717C3.sgf	https://katagotraining.org/sgf-files/training-games/7E943625E5453AB2BC3D5215276717C3.sgf	15734	existing
rating-games_F85433E9FB1624EC905EAC595C5DF7EB.sgf	https://katagotraining.org/sgf-files/rating-games/F85433E9FB1624EC905EAC595C5DF7EB.sgf	5026	existing
training-games_F58EFF5B1021A13C6D62A590AAF23C3F.sgf	https://katagotraining.org/sgf-files/training-games/F58EFF5B1021A13C6D62A590AAF23C3F.sgf	14552	existing
rating-games_385D53675CED1DDBAD462B445814102C.sgf	https://katagotraining.org/sgf-files/rating-games/385D53675CED1DDBAD462B445814102C.sgf	6231	existing
training-games_9EDCDF4BE7908BE1D8CE3E05DB53C47A.sgf	https://katagotraining.org/sgf-files/training-games/9EDCDF4BE7908BE1D8CE3E05DB53C47A.sgf	14717	existing
training-games_1DBFA11AA57C32D8D5E4560CB810CADA.sgf	https://katagotraining.org/sgf-files/training-games/1DBFA11AA57C32D8D5E4560CB810CADA.sgf	13354	existing
training-games_E0EF1D1A2DDCF616B4E4FF8E2CDF5551.sgf	https://katagotraining.org/sgf-files/training-games/E0EF1D1A2DDCF616B4E4FF8E2CDF5551.sgf	14643	existing
rating-games_D9005E0D02E6212DA70759F314EC2A6B.sgf	https://katagotraining.org/sgf-files/rating-games/D9005E0D02E6212DA70759F314EC2A6B.sgf	9228	existing
rating-games_9699BE4E372E51A936F226E8565A306F.sgf	https://katagotraining.org/sgf-files/rating-games/9699BE4E372E51A936F226E8565A306F.sgf	2793	existing
rating-games_5AD59747CA8F9AD4E1B58FFCB5040FDA.sgf	https://katagotraining.org/sgf-files/rating-games/5AD59747CA8F9AD4E1B58FFCB5040FDA.sgf	7896	existing
rating-games_48F185BACC67D2FFBBC9CD46FD189B3B.sgf	https://katagotraining.org/sgf-files/rating-games/48F185BACC67D2FFBBC9CD46FD189B3B.sgf	5900	existing
rating-games_3C8D22ED2EF787A90D5A18CE323D81E5.sgf	https://katagotraining.org/sgf-files/rating-games/3C8D22ED2EF787A90D5A18CE323D81E5.sgf	7042	existing
rating-games_A74C04F76C70B3139D02B9C2D360DC49.sgf	https://katagotraining.org/sgf-files/rating-games/A74C04F76C70B3139D02B9C2D360DC49.sgf	7217	existing
rating-games_43FE56660B8BF71AB54ECD657C18D22A.sgf	https://katagotraining.org/sgf-files/rating-games/43FE56660B8BF71AB54ECD657C18D22A.sgf	9339	existing
training-games_5489D374D5F99D99953287C424B9DFA7.sgf	https://katagotraining.org/sgf-files/training-games/5489D374D5F99D99953287C424B9DFA7.sgf	19312	existing
training-games_ED2A2E8A4EF8B72ABE71F8F73F330EBC.sgf	https://katagotraining.org/sgf-files/training-games/ED2A2E8A4EF8B72ABE71F8F73F330EBC.sgf	15999	existing
training-games_916FF1FF4F51CD3B73C97F4027E535D2.sgf	https://katagotraining.org/sgf-files/training-games/916FF1FF4F51CD3B73C97F4027E535D2.sgf	16176	existing
rating-games_0ECD989F9406E1C42FE68D8FE7DFC305.sgf	https://katagotraining.org/sgf-files/rating-games/0ECD989F9406E1C42FE68D8FE7DFC305.sgf	5874	existing
rating-games_D6EA76F20A83687CBA66E9DD29CED33D.sgf	https://katagotraining.org/sgf-files/rating-games/D6EA76F20A83687CBA66E9DD29CED33D.sgf	6835	existing
rating-games_DC8FFDA8D09462B59D4C9F2AB1D5EA24.sgf	https://katagotraining.org/sgf-files/rating-games/DC8FFDA8D09462B59D4C9F2AB1D5EA24.sgf	5843	existing
training-games_A3BF06F396E4CCFECFDECAA63F8EC989.sgf	https://katagotraining.org/sgf-files/training-games/A3BF06F396E4CCFECFDECAA63F8EC989.sgf	15860	existing
rating-games_8804D26345722F3C0D16C3DB4C9CEBA2.sgf	https://katagotraining.org/sgf-files/rating-games/8804D26345722F3C0D16C3DB4C9CEBA2.sgf	8659	existing
training-games_D77253E95F440000D51332B96D5F517D.sgf	https://katagotraining.org/sgf-files/training-games/D77253E95F440000D51332B96D5F517D.sgf	12635	existing
training-games_C0B981DB97DA9E6103626FD5E689659F.sgf	https://katagotraining.org/sgf-files/training-games/C0B981DB97DA9E6103626FD5E689659F.sgf	16064	existing
rating-games_B883EF34050B0DAB88F9A9BE21528183.sgf	https://katagotraining.org/sgf-files/rating-games/B883EF34050B0DAB88F9A9BE21528183.sgf	6320	existing
training-games_AF91AF549629DCD40DBDE1191621CD57.sgf	https://katagotraining.org/sgf-files/training-games/AF91AF549629DCD40DBDE1191621CD57.sgf	16663	existing
training-games_AD57D00E2D9C14E8E155BCA51989E2E7.sgf	https://katagotraining.org/sgf-files/training-games/AD57D00E2D9C14E8E155BCA51989E2E7.sgf	14995	existing
rating-games_C68930234893B5B1B4BB1641398AEA50.sgf	https://katagotraining.org/sgf-files/rating-games/C68930234893B5B1B4BB1641398AEA50.sgf	8860	existing
rating-games_FDC16EF8E9A71C34BEFF78ADFD5E8619.sgf	https://katagotraining.org/sgf-files/rating-games/FDC16EF8E9A71C34BEFF78ADFD5E8619.sgf	4640	existing
rating-games_FD916E8B3E8ED07748BEB9B000142C70.sgf	https://katagotraining.org/sgf-files/rating-games/FD916E8B3E8ED07748BEB9B000142C70.sgf	5616	existing
training-games_497867B17B2300789158399CB37F7258.sgf	https://katagotraining.org/sgf-files/training-games/497867B17B2300789158399CB37F7258.sgf	12689	existing
rating-games_988B3B774651C3E34B1305918C71D09F.sgf	https://katagotraining.org/sgf-files/rating-games/988B3B774651C3E34B1305918C71D09F.sgf	7554	existing
rating-games_8B286AC113AE54977498D39F09744AE6.sgf	https://katagotraining.org/sgf-files/rating-games/8B286AC113AE54977498D39F09744AE6.sgf	9439	existing
rating-games_706876C2917C75DA8C532689156F54BD.sgf	https://katagotraining.org/sgf-files/rating-games/706876C2917C75DA8C532689156F54BD.sgf	6690	existing
training-games_49F7ECF0DDD92B2968C64F3766E3222F.sgf	https://katagotraining.org/sgf-files/training-games/49F7ECF0DDD92B2968C64F3766E3222F.sgf	15862	existing
rating-games_26B45D79B16622E91B1CD16BC9382306.sgf	https://katagotraining.org/sgf-files/rating-games/26B45D79B16622E91B1CD16BC9382306.sgf	6578	existing
training-games_3ED9BA353385B6D34DB848112AEDC44F.sgf	https://katagotraining.org/sgf-files/training-games/3ED9BA353385B6D34DB848112AEDC44F.sgf	15092	existing
training-games_B11D9CFA48277523A6AD16A5749C515A.sgf	https://katagotraining.org/sgf-files/training-games/B11D9CFA48277523A6AD16A5749C515A.sgf	15399	existing
rating-games_F496166C608E931C8C712D2C427DB384.sgf	https://katagotraining.org/sgf-files/rating-games/F496166C608E931C8C712D2C427DB384.sgf	6415	existing
training-games_8636BFE5CEF7D59A851F37C6731C74CD.sgf	https://katagotraining.org/sgf-files/training-games/8636BFE5CEF7D59A851F37C6731C74CD.sgf	14280	existing
training-games_7CD4003B35A42F75E299E60DCF56AFF5.sgf	https://katagotraining.org/sgf-files/training-games/7CD4003B35A42F75E299E60DCF56AFF5.sgf	14818	existing
training-games_A15BCE1BBA02A20F9F3194F786568A1E.sgf	https://katagotraining.org/sgf-files/training-games/A15BCE1BBA02A20F9F3194F786568A1E.sgf	15689	existing
rating-games_6FE8FC7C112DF9A8995807D659D894C7.sgf	https://katagotraining.org/sgf-files/rating-games/6FE8FC7C112DF9A8995807D659D894C7.sgf	8168	existing
training-games_CE490EFC025796DB7A3D996BB29AE020.sgf	https://katagotraining.org/sgf-files/training-games/CE490EFC025796DB7A3D996BB29AE020.sgf	15774	existing
rating-games_A6D662158CA186857ED72E3024DB4605.sgf	https://katagotraining.org/sgf-files/rating-games/A6D662158CA186857ED72E3024DB4605.sgf	6711	existing
rating-games_F730AE33CD42F406398551F9998A99C3.sgf	https://katagotraining.org/sgf-files/rating-games/F730AE33CD42F406398551F9998A99C3.sgf	7727	existing
training-games_CFA07406917667E06805B40661276AB1.sgf	https://katagotraining.org/sgf-files/training-games/CFA07406917667E06805B40661276AB1.sgf	15444	existing
rating-games_024D63D411DA99635B49843E14795BE3.sgf	https://katagotraining.org/sgf-files/rating-games/024D63D411DA99635B49843E14795BE3.sgf	6842	existing
rating-games_0F7D88C109DCC9F99DD3A50BDA52C4BB.sgf	https://katagotraining.org/sgf-files/rating-games/0F7D88C109DCC9F99DD3A50BDA52C4BB.sgf	7557	existing
rating-games_C314183AE5B674FA30C065C21E9D414A.sgf	https://katagotraining.org/sgf-files/rating-games/C314183AE5B674FA30C065C21E9D414A.sgf	5918	existing
rating-games_0E625F18A90F2BE5F415DF9E25F6BD57.sgf	https://katagotraining.org/sgf-files/rating-games/0E625F18A90F2BE5F415DF9E25F6BD57.sgf	6463	existing
training-games_4DC944ABA3D7746522F40780B8FC2E6C.sgf	https://katagotraining.org/sgf-files/training-games/4DC944ABA3D7746522F40780B8FC2E6C.sgf	15752	existing
rating-games_3E04A31FD720911F51AEBB4A6BAA236F.sgf	https://katagotraining.org/sgf-files/rating-games/3E04A31FD720911F51AEBB4A6BAA236F.sgf	11287	existing
rating-games_1221C39555E34F5CEC2DE63FF9D1FD97.sgf	https://katagotraining.org/sgf-files/rating-games/1221C39555E34F5CEC2DE63FF9D1FD97.sgf	7470	existing
rating-games_23238B386AA877BC4AD08F9D52AB308B.sgf	https://katagotraining.org/sgf-files/rating-games/23238B386AA877BC4AD08F9D52AB308B.sgf	11731	existing
training-games_60C3E54E0B5B25264EE4984CEDC1AFB4.sgf	https://katagotraining.org/sgf-files/training-games/60C3E54E0B5B25264EE4984CEDC1AFB4.sgf	17109	existing
rating-games_50BA12D0DE3A065AEDBF22B8536735D8.sgf	https://katagotraining.org/sgf-files/rating-games/50BA12D0DE3A065AEDBF22B8536735D8.sgf	5528	existing
rating-games_E218725FF48071608FD7E0ED74997B8F.sgf	https://katagotraining.org/sgf-files/rating-games/E218725FF48071608FD7E0ED74997B8F.sgf	4563	existing
rating-games_FDD8E3578E86E5D368410BFD13B96BE0.sgf	https://katagotraining.org/sgf-files/rating-games/FDD8E3578E86E5D368410BFD13B96BE0.sgf	4261	existing
rating-games_4FAA8229170735434B1805C84E9CE9CD.sgf	https://katagotraining.org/sgf-files/rating-games/4FAA8229170735434B1805C84E9CE9CD.sgf	5906	existing
rating-games_714890A8E4161FC2BE8D8727F2112748.sgf	https://katagotraining.org/sgf-files/rating-games/714890A8E4161FC2BE8D8727F2112748.sgf	8781	existing
rating-games_6647FB5367CBEB1814D99762C7FAF23F.sgf	https://katagotraining.org/sgf-files/rating-games/6647FB5367CBEB1814D99762C7FAF23F.sgf	8131	existing
rating-games_990376CC3E9406C72AB1A6D96E0017D3.sgf	https://katagotraining.org/sgf-files/rating-games/990376CC3E9406C72AB1A6D96E0017D3.sgf	7977	existing
training-games_545517FB88F30E87D1F4BCC811BEB364.sgf	https://katagotraining.org/sgf-files/training-games/545517FB88F30E87D1F4BCC811BEB364.sgf	16245	existing
rating-games_7F16D095C497E1E725E5FBB3D6321C28.sgf	https://katagotraining.org/sgf-files/rating-games/7F16D095C497E1E725E5FBB3D6321C28.sgf	9664	existing
training-games_DB458565DCD0D95504C2350BEC3DD811.sgf	https://katagotraining.org/sgf-files/training-games/DB458565DCD0D95504C2350BEC3DD811.sgf	14965	existing
training-games_C18E4BA4693276816E5BD420F6A23B0E.sgf	https://katagotraining.org/sgf-files/training-games/C18E4BA4693276816E5BD420F6A23B0E.sgf	12903	existing
training-games_4692519A181A0A55E425FB1C5C1B7502.sgf	https://katagotraining.org/sgf-files/training-games/4692519A181A0A55E425FB1C5C1B7502.sgf	4321	existing
training-games_2D7A2142044D740F58BF063A7B2A0CD5.sgf	https://katagotraining.org/sgf-files/training-games/2D7A2142044D740F58BF063A7B2A0CD5.sgf	14989	existing
rating-games_15C39A27993149157578CDDF37F07393.sgf	https://katagotraining.org/sgf-files/rating-games/15C39A27993149157578CDDF37F07393.sgf	8717	existing
rating-games_B720E7CD32C92BE0C19B9015EFC3F3A1.sgf	https://katagotraining.org/sgf-files/rating-games/B720E7CD32C92BE0C19B9015EFC3F3A1.sgf	6972	existing
training-games_921A604883FB7FD2B2BE537533EEEC3A.sgf	https://katagotraining.org/sgf-files/training-games/921A604883FB7FD2B2BE537533EEEC3A.sgf	15775	existing
rating-games_E373A2BBF13E32DDD80354DDE4B318B2.sgf	https://katagotraining.org/sgf-files/rating-games/E373A2BBF13E32DDD80354DDE4B318B2.sgf	5502	existing
rating-games_439600D54EFF60A2A4460CD526EF8589.sgf	https://katagotraining.org/sgf-files/rating-games/439600D54EFF60A2A4460CD526EF8589.sgf	5935	existing
rating-games_3D96F415393260B215847DF9C120A764.sgf	https://katagotraining.org/sgf-files/rating-games/3D96F415393260B215847DF9C120A764.sgf	6043	existing
rating-games_822FC98C4C66B9F985A2D7AF8A91D359.sgf	https://katagotraining.org/sgf-files/rating-games/822FC98C4C66B9F985A2D7AF8A91D359.sgf	10224	existing
rating-games_49622FEB67DCC44890422B5D29AD662A.sgf	https://katagotraining.org/sgf-files/rating-games/49622FEB67DCC44890422B5D29AD662A.sgf	6106	existing
rating-games_CA72412EB12402778A5BE393A72348D0.sgf	https://katagotraining.org/sgf-files/rating-games/CA72412EB12402778A5BE393A72348D0.sgf	7848	existing
rating-games_4DBAD6198B2851C86ABF258735D80B64.sgf	https://katagotraining.org/sgf-files/rating-games/4DBAD6198B2851C86ABF258735D80B64.sgf	5776	existing
rating-games_133F7AB2A1282C48A1EA086D99C58BB0.sgf	https://katagotraining.org/sgf-files/rating-games/133F7AB2A1282C48A1EA086D99C58BB0.sgf	9721	existing
rating-games_03615E52EA4C6E060B3AA66FA1C3B039.sgf	https://katagotraining.org/sgf-files/rating-games/03615E52EA4C6E060B3AA66FA1C3B039.sgf	5494	ok
rating-games_710B7B34281E9F7972DE4D430673D8CD.sgf	https://katagotraining.org/sgf-files/rating-games/710B7B34281E9F7972DE4D430673D8CD.sgf	7181	ok
rating-games_4B1158CF71C0A68B28B81DB2D1475921.sgf	https://katagotraining.org/sgf-files/rating-games/4B1158CF71C0A68B28B81DB2D1475921.sgf	8525	ok
rating-games_1C8BF837F21BA7A80E6229E45E441BAE.sgf	https://katagotraining.org/sgf-files/rating-games/1C8BF837F21BA7A80E6229E45E441BAE.sgf	9539	ok
rating-games_0AAB1EB4AC64FB7790C18C52B4A139B4.sgf	https://katagotraining.org/sgf-files/rating-games/0AAB1EB4AC64FB7790C18C52B4A139B4.sgf	7733	ok
rating-games_47B25669C15280535D63A11F2D568E8F.sgf	https://katagotraining.org/sgf-files/rating-games/47B25669C15280535D63A11F2D568E8F.sgf	6504	ok
rating-games_DEA0940A2C94ADC245EFED5E06E141D0.sgf	https://katagotraining.org/sgf-files/rating-games/DEA0940A2C94ADC245EFED5E06E141D0.sgf	9100	ok
rating-games_A314A6E5777474D44E27E14CB2983FB0.sgf	https://katagotraining.org/sgf-files/rating-games/A314A6E5777474D44E27E14CB2983FB0.sgf	11742	ok
training-games_61FDFEBFC1ECCB35CA6D47339E78C707.sgf	https://katagotraining.org/sgf-files/training-games/61FDFEBFC1ECCB35CA6D47339E78C707.sgf	15183	ok
rating-games_CF1B1E03C7B1751F63EA50DC884F8D85.sgf	https://katagotraining.org/sgf-files/rating-games/CF1B1E03C7B1751F63EA50DC884F8D85.sgf	8332	ok
rating-games_CE50B67AA4F496E640C2FA7D5F0F8EBB.sgf	https://katagotraining.org/sgf-files/rating-games/CE50B67AA4F496E640C2FA7D5F0F8EBB.sgf	5232	ok
rating-games_24473D9DF1EE27951FDBC4D5CE6288B4.sgf	https://katagotraining.org/sgf-files/rating-games/24473D9DF1EE27951FDBC4D5CE6288B4.sgf	8248	ok
rating-games_8271693E46E8C72C13D003EE31C6C247.sgf	https://katagotraining.org/sgf-files/rating-games/8271693E46E8C72C13D003EE31C6C247.sgf	3833	ok
rating-games_A5241554D54B9E1C429F80B3BF28B09F.sgf	https://katagotraining.org/sgf-files/rating-games/A5241554D54B9E1C429F80B3BF28B09F.sgf	6023	ok
training-games_72F45A5D09E420D50789E5F59CCDB977.sgf	https://katagotraining.org/sgf-files/training-games/72F45A5D09E420D50789E5F59CCDB977.sgf	15822	ok
training-games_346AA14A1A511711D0317C2843CC46E6.sgf	https://katagotraining.org/sgf-files/training-games/346AA14A1A511711D0317C2843CC46E6.sgf	13666	ok
rating-games_4C2D75464FDE446CE5255C358E6FA446.sgf	https://katagotraining.org/sgf-files/rating-games/4C2D75464FDE446CE5255C358E6FA446.sgf	9535	ok
rating-games_DB7CD6CCBAF8843011829F586BEFD1B4.sgf	https://katagotraining.org/sgf-files/rating-games/DB7CD6CCBAF8843011829F586BEFD1B4.sgf	3140	ok
rating-games_2D961221F1ED21E33FF76076AD4270AC.sgf	https://katagotraining.org/sgf-files/rating-games/2D961221F1ED21E33FF76076AD4270AC.sgf	4907	ok
training-games_DC3207DDEC0A1A106A208376D0695556.sgf	https://katagotraining.org/sgf-files/training-games/DC3207DDEC0A1A106A208376D0695556.sgf	12452	ok
rating-games_19888D43F5A345D8875DDA53945E8BF7.sgf	https://katagotraining.org/sgf-files/rating-games/19888D43F5A345D8875DDA53945E8BF7.sgf	8806	ok
rating-games_0B4486602EE706AF614249B91C6523F3.sgf	https://katagotraining.org/sgf-files/rating-games/0B4486602EE706AF614249B91C6523F3.sgf	7272	ok
training-games_EE06411ADC8B18CCEFEEA5184A7D7904.sgf	https://katagotraining.org/sgf-files/training-games/EE06411ADC8B18CCEFEEA5184A7D7904.sgf	14323	ok
rating-games_E99F5DC4B7FBCF8FE928C88ABDA0D9EF.sgf	https://katagotraining.org/sgf-files/rating-games/E99F5DC4B7FBCF8FE928C88ABDA0D9EF.sgf	12328	ok
training-games_2FAE32115550AD891622A5A5D16770A4.sgf	https://katagotraining.org/sgf-files/training-games/2FAE32115550AD891622A5A5D16770A4.sgf	16482	ok
rating-games_0AF931AA21FC6F17F886A71888E4FDEE.sgf	https://katagotraining.org/sgf-files/rating-games/0AF931AA21FC6F17F886A71888E4FDEE.sgf	7461	ok
rating-games_414445705AB327A116F1B1C64DE3832A.sgf	https://katagotraining.org/sgf-files/rating-games/414445705AB327A116F1B1C64DE3832A.sgf	6443	ok
training-games_AD28BD4AEA3A4744B54DF0A7385BFD44.sgf	https://katagotraining.org/sgf-files/training-games/AD28BD4AEA3A4744B54DF0A7385BFD44.sgf	16351	ok
rating-games_64A0FB9B90FCD66C902766C5B363941B.sgf	https://katagotraining.org/sgf-files/rating-games/64A0FB9B90FCD66C902766C5B363941B.sgf	6831	ok
rating-games_E9D49645AC5581F37AE84DD85ABEA87F.sgf	https://katagotraining.org/sgf-files/rating-games/E9D49645AC5581F37AE84DD85ABEA87F.sgf	7051	ok
rating-games_B160A627B3EED016521E920ACF4BAFC1.sgf	https://katagotraining.org/sgf-files/rating-games/B160A627B3EED016521E920ACF4BAFC1.sgf	8502	ok
training-games_10A0D51E654DCB5DC702A6E6BDC84E5E.sgf	https://katagotraining.org/sgf-files/training-games/10A0D51E654DCB5DC702A6E6BDC84E5E.sgf	12878	ok
rating-games_9A051EB1E98F9ECFCC6DB6D5100A98AF.sgf	https://katagotraining.org/sgf-files/rating-games/9A051EB1E98F9ECFCC6DB6D5100A98AF.sgf	6213	ok
rating-games_E3AB92A3337995AFEF5E8A7DA53DC98C.sgf	https://katagotraining.org/sgf-files/rating-games/E3AB92A3337995AFEF5E8A7DA53DC98C.sgf	7802	ok
rating-games_7C6F5446C4FFF9F24065192217351ED9.sgf	https://katagotraining.org/sgf-files/rating-games/7C6F5446C4FFF9F24065192217351ED9.sgf	8699	ok
rating-games_10112818A9E5FDD2ADAC14EA429DA33C.sgf	https://katagotraining.org/sgf-files/rating-games/10112818A9E5FDD2ADAC14EA429DA33C.sgf	6370	ok
rating-games_890D17E4FD38E1E976A727ED73B08900.sgf	https://katagotraining.org/sgf-files/rating-games/890D17E4FD38E1E976A727ED73B08900.sgf	7474	ok
rating-games_EA9463A9DA36FD634E9B8E554B8C6B61.sgf	https://katagotraining.org/sgf-files/rating-games/EA9463A9DA36FD634E9B8E554B8C6B61.sgf	3090	ok
training-games_52F125D8C8D6D2AA4D1377E8DBB7CAAF.sgf	https://katagotraining.org/sgf-files/training-games/52F125D8C8D6D2AA4D1377E8DBB7CAAF.sgf	12613	ok
rating-games_B440E481668C650646295D76B5768A12.sgf	https://katagotraining.org/sgf-files/rating-games/B440E481668C650646295D76B5768A12.sgf	7004	ok
rating-games_7990061DF1F045595DFA95C9CC7A7C4C.sgf	https://katagotraining.org/sgf-files/rating-games/7990061DF1F045595DFA95C9CC7A7C4C.sgf	7782	ok
training-games_93CF19370C27782B25FA8F53D5B01504.sgf	https://katagotraining.org/sgf-files/training-games/93CF19370C27782B25FA8F53D5B01504.sgf	12570	ok
rating-games_2E7C173A9D8ECF53914534E583716FFB.sgf	https://katagotraining.org/sgf-files/rating-games/2E7C173A9D8ECF53914534E583716FFB.sgf	6700	ok
rating-games_947D5EC4809232BD07552674444E0F2A.sgf	https://katagotraining.org/sgf-files/rating-games/947D5EC4809232BD07552674444E0F2A.sgf	9641	ok
rating-games_F6E0EB00889A314FAFE622BCD4B4A95A.sgf	https://katagotraining.org/sgf-files/rating-games/F6E0EB00889A314FAFE622BCD4B4A95A.sgf	6998	ok
rating-games_13F3F5B75E123A6055EA2D11CBE53E60.sgf	https://katagotraining.org/sgf-files/rating-games/13F3F5B75E123A6055EA2D11CBE53E60.sgf	9895	ok
rating-games_525EE5693DC8391D5FAF8BFB62791E48.sgf	https://katagotraining.org/sgf-files/rating-games/525EE5693DC8391D5FAF8BFB62791E48.sgf	7680	ok
rating-games_DA134A4FA15CA256C773A015835A06C5.sgf	https://katagotraining.org/sgf-files/rating-games/DA134A4FA15CA256C773A015835A06C5.sgf	6452	ok
rating-games_198B49FF426488DA100F958306E1397D.sgf	https://katagotraining.org/sgf-files/rating-games/198B49FF426488DA100F958306E1397D.sgf	5899	ok
rating-games_89A1486A9F543F248251996CE0E304A3.sgf	https://katagotraining.org/sgf-files/rating-games/89A1486A9F543F248251996CE0E304A3.sgf	11449	ok
rating-games_A267148EE720F8B5DA0FA4810D7F2961.sgf	https://katagotraining.org/sgf-files/rating-games/A267148EE720F8B5DA0FA4810D7F2961.sgf	4245	ok
training-games_A20D32BF2609A8F324F8370CDCE4A0DC.sgf	https://katagotraining.org/sgf-files/training-games/A20D32BF2609A8F324F8370CDCE4A0DC.sgf	12883	ok
rating-games_208A2D39FE6C320A76B0865BB05E5AC0.sgf	https://katagotraining.org/sgf-files/rating-games/208A2D39FE6C320A76B0865BB05E5AC0.sgf	5622	ok
rating-games_0398CAA9CB1BC3A454D5C6B4F24B597D.sgf	https://katagotraining.org/sgf-files/rating-games/0398CAA9CB1BC3A454D5C6B4F24B597D.sgf	6219	ok
rating-games_7885CE553CD5904EE77EFF2FF5FAEC6B.sgf	https://katagotraining.org/sgf-files/rating-games/7885CE553CD5904EE77EFF2FF5FAEC6B.sgf	8687	ok
rating-games_658B6A74982156F1537863B12A80BC2E.sgf	https://katagotraining.org/sgf-files/rating-games/658B6A74982156F1537863B12A80BC2E.sgf	8626	ok
rating-games_A56AE44F8C554B49663F8357952AFA99.sgf	https://katagotraining.org/sgf-files/rating-games/A56AE44F8C554B49663F8357952AFA99.sgf	5697	ok
training-games_ADF9BCF5965A0B5822AEE700C188BA90.sgf	https://katagotraining.org/sgf-files/training-games/ADF9BCF5965A0B5822AEE700C188BA90.sgf	5196	ok
training-games_D8B0B9AB34EC7A9DA0A8B11CD74A0E15.sgf	https://katagotraining.org/sgf-files/training-games/D8B0B9AB34EC7A9DA0A8B11CD74A0E15.sgf	13727	ok
training-games_42040A73E2F61694FF3FFAD8E5F8A516.sgf	https://katagotraining.org/sgf-files/training-games/42040A73E2F61694FF3FFAD8E5F8A516.sgf	13948	ok
rating-games_E0EAF9B370A0A7605383725C590790FA.sgf	https://katagotraining.org/sgf-files/rating-games/E0EAF9B370A0A7605383725C590790FA.sgf	7831	ok
training-games_64A17E2C0F323625724408D7BF92B321.sgf	https://katagotraining.org/sgf-files/training-games/64A17E2C0F323625724408D7BF92B321.sgf	14500	ok
rating-games_C79CB4B4F6EAE8492B5AB94B073C0FDB.sgf	https://katagotraining.org/sgf-files/rating-games/C79CB4B4F6EAE8492B5AB94B073C0FDB.sgf	9969	ok
rating-games_6C36F0BF9363F9E97F57594C77AEE0A0.sgf	https://katagotraining.org/sgf-files/rating-games/6C36F0BF9363F9E97F57594C77AEE0A0.sgf	7733	ok
rating-games_25DB22277203E653DB97102D5B1A7886.sgf	https://katagotraining.org/sgf-files/rating-games/25DB22277203E653DB97102D5B1A7886.sgf	4419	ok
rating-games_D02A671E34B8237F19E1F40208BA3143.sgf	https://katagotraining.org/sgf-files/rating-games/D02A671E34B8237F19E1F40208BA3143.sgf	9070	ok
rating-games_FE633D4E3476BE55BFDE91F22A78FF2A.sgf	https://katagotraining.org/sgf-files/rating-games/FE633D4E3476BE55BFDE91F22A78FF2A.sgf	6817	ok
training-games_6415ABBBDE6CB48D39420E2FF9F52007.sgf	https://katagotraining.org/sgf-files/training-games/6415ABBBDE6CB48D39420E2FF9F52007.sgf	16768	ok
rating-games_1D334AF6FE54AD0DF7340ABB7FB72A3A.sgf	https://katagotraining.org/sgf-files/rating-games/1D334AF6FE54AD0DF7340ABB7FB72A3A.sgf	5414	ok
rating-games_937897AFA20EFE2E03C1DF02E7C9D472.sgf	https://katagotraining.org/sgf-files/rating-games/937897AFA20EFE2E03C1DF02E7C9D472.sgf	6405	ok
rating-games_6315C08F727A75FA22A816783EC14805.sgf	https://katagotraining.org/sgf-files/rating-games/6315C08F727A75FA22A816783EC14805.sgf	6858	ok
training-games_E331F1BBBDF934BC93DBB7501E15B7B5.sgf	https://katagotraining.org/sgf-files/training-games/E331F1BBBDF934BC93DBB7501E15B7B5.sgf	9643	ok
rating-games_D1F5A129DA79B61F170BADD12311B504.sgf	https://katagotraining.org/sgf-files/rating-games/D1F5A129DA79B61F170BADD12311B504.sgf	8347	ok
rating-games_A87926DF26B44E6071BECC5D1D8C9A81.sgf	https://katagotraining.org/sgf-files/rating-games/A87926DF26B44E6071BECC5D1D8C9A81.sgf	12072	ok
training-games_B92CAD225DC79C81DA46BD3D14140033.sgf	https://katagotraining.org/sgf-files/training-games/B92CAD225DC79C81DA46BD3D14140033.sgf	12202	ok
rating-games_BF670D4E46B7EA9116D350533FD919E8.sgf	https://katagotraining.org/sgf-files/rating-games/BF670D4E46B7EA9116D350533FD919E8.sgf	8249	ok
training-games_8D995ED165E9B2A6874B0D60A0FD5D43.sgf	https://katagotraining.org/sgf-files/training-games/8D995ED165E9B2A6874B0D60A0FD5D43.sgf	12210	ok
rating-games_678863F1B80CEFC430D5B9D36DA3B321.sgf	https://katagotraining.org/sgf-files/rating-games/678863F1B80CEFC430D5B9D36DA3B321.sgf	8586	ok
training-games_5AD81A8EFC70872B6DC9EB67D724B659.sgf	https://katagotraining.org/sgf-files/training-games/5AD81A8EFC70872B6DC9EB67D724B659.sgf	13535	ok
rating-games_CFE69F6EC0016223A0817310E8C3DE84.sgf	https://katagotraining.org/sgf-files/rating-games/CFE69F6EC0016223A0817310E8C3DE84.sgf	7208	ok
training-games_F74CD6D366839DF7C3E24D58ABBFC74B.sgf	https://katagotraining.org/sgf-files/training-games/F74CD6D366839DF7C3E24D58ABBFC74B.sgf	13184	ok
rating-games_CFBC384E127EB992D27BE6AC7BBACF38.sgf	https://katagotraining.org/sgf-files/rating-games/CFBC384E127EB992D27BE6AC7BBACF38.sgf	9653	ok
training-games_DAA1885A5D8582A73A8A47A294C53F7B.sgf	https://katagotraining.org/sgf-files/training-games/DAA1885A5D8582A73A8A47A294C53F7B.sgf	9261	ok
rating-games_9D012BBA54625696DBFD3E5A8D3DF53C.sgf	https://katagotraining.org/sgf-files/rating-games/9D012BBA54625696DBFD3E5A8D3DF53C.sgf	10386	ok
training-games_9A0C2FBFCACF8BCABA61570E608E7671.sgf	https://katagotraining.org/sgf-files/training-games/9A0C2FBFCACF8BCABA61570E608E7671.sgf	9155	ok
rating-games_657BD42A75BD283CBEF979E06A132078.sgf	https://katagotraining.org/sgf-files/rating-games/657BD42A75BD283CBEF979E06A132078.sgf	4729	ok
rating-games_40E34EBF40A71071E7D80417DB6E5211.sgf	https://katagotraining.org/sgf-files/rating-games/40E34EBF40A71071E7D80417DB6E5211.sgf	9395	ok
rating-games_53F8ABB2B5C9649C33773A4EEFE0401C.sgf	https://katagotraining.org/sgf-files/rating-games/53F8ABB2B5C9649C33773A4EEFE0401C.sgf	6924	ok
rating-games_BA15F1D6BF1A91EEBD45700DEA8C9C7B.sgf	https://katagotraining.org/sgf-files/rating-games/BA15F1D6BF1A91EEBD45700DEA8C9C7B.sgf	8475	ok
rating-games_25221CAFA9E292081FA858982711F0D1.sgf	https://katagotraining.org/sgf-files/rating-games/25221CAFA9E292081FA858982711F0D1.sgf	6515	ok
training-games_397A6C1853F0F5C33D908EE8E6780836.sgf	https://katagotraining.org/sgf-files/training-games/397A6C1853F0F5C33D908EE8E6780836.sgf	10315	ok
rating-games_BD701E9EA85A83C1AE8305C743F5CE85.sgf	https://katagotraining.org/sgf-files/rating-games/BD701E9EA85A83C1AE8305C743F5CE85.sgf	7401	ok
training-games_F9DE2FFD277D4BF54C3E934B7B29230E.sgf	https://katagotraining.org/sgf-files/training-games/F9DE2FFD277D4BF54C3E934B7B29230E.sgf	13158	ok
rating-games_54ADB6EF98F6D595305E668C127C2DEC.sgf	https://katagotraining.org/sgf-files/rating-games/54ADB6EF98F6D595305E668C127C2DEC.sgf	8473	ok
rating-games_0CA8151C913B5378810DED09BC60F953.sgf	https://katagotraining.org/sgf-files/rating-games/0CA8151C913B5378810DED09BC60F953.sgf	7019	ok
rating-games_6B8D849CDEDDA8BC78126A70BDE0C617.sgf	https://katagotraining.org/sgf-files/rating-games/6B8D849CDEDDA8BC78126A70BDE0C617.sgf	5712	ok
rating-games_D78BE1C03D054E2614050301AFC76D7A.sgf	https://katagotraining.org/sgf-files/rating-games/D78BE1C03D054E2614050301AFC76D7A.sgf	6763	ok
rating-games_84622EBD2F2F3C2F070B2AD6D3FEE4C1.sgf	https://katagotraining.org/sgf-files/rating-games/84622EBD2F2F3C2F070B2AD6D3FEE4C1.sgf	8470	ok
rating-games_23F29BD510CB120ED929EAAF6D699A52.sgf	https://katagotraining.org/sgf-files/rating-games/23F29BD510CB120ED929EAAF6D699A52.sgf	11441	ok
training-games_A6DCD9E9F14279938DFE7C3EFC776A7F.sgf	https://katagotraining.org/sgf-files/training-games/A6DCD9E9F14279938DFE7C3EFC776A7F.sgf	13761	ok
rating-games_9B58DC1DF9FBE1781EFDAB9789F65251.sgf	https://katagotraining.org/sgf-files/rating-games/9B58DC1DF9FBE1781EFDAB9789F65251.sgf	8823	ok
rating-games_EB4F65562B2DF4F1240F55D337BE6FE2.sgf	https://katagotraining.org/sgf-files/rating-games/EB4F65562B2DF4F1240F55D337BE6FE2.sgf	6486	ok
training-games_FFF6CF8DF4F2B05DB8EE7ABC515C060F.sgf	https://katagotraining.org/sgf-files/training-games/FFF6CF8DF4F2B05DB8EE7ABC515C060F.sgf	16030	ok
training-games_EAE0664A860D847D656933E23FCEB2A2.sgf	https://katagotraining.org/sgf-files/training-games/EAE0664A860D847D656933E23FCEB2A2.sgf	9472	ok
rating-games_85E9CEF0C41BB7DB59F9C7B6BB8D3278.sgf	https://katagotraining.org/sgf-files/rating-games/85E9CEF0C41BB7DB59F9C7B6BB8D3278.sgf	11293	ok
rating-games_403EEB4CD7CEF3F6D331E874B8D6CD05.sgf	https://katagotraining.org/sgf-files/rating-games/403EEB4CD7CEF3F6D331E874B8D6CD05.sgf	8212	ok
training-games_6BE11C15AE09DE1D234226632C6C4A32.sgf	https://katagotraining.org/sgf-files/training-games/6BE11C15AE09DE1D234226632C6C4A32.sgf	12492	ok
rating-games_49F6136C2A68BCEA29B8889DC70439CF.sgf	https://katagotraining.org/sgf-files/rating-games/49F6136C2A68BCEA29B8889DC70439CF.sgf	6304	ok
rating-games_F669D8A8BD73A687CE1295EF2E52BFE1.sgf	https://katagotraining.org/sgf-files/rating-games/F669D8A8BD73A687CE1295EF2E52BFE1.sgf	5423	ok
training-games_D2398DB05BB88F22317C2651FCC84F93.sgf	https://katagotraining.org/sgf-files/training-games/D2398DB05BB88F22317C2651FCC84F93.sgf	15457	ok
rating-games_FD82CEEF1FBCB1EF8B8FE8C8D8750346.sgf	https://katagotraining.org/sgf-files/rating-games/FD82CEEF1FBCB1EF8B8FE8C8D8750346.sgf	7405	ok
rating-games_9309842263992DC964F5070C6071A106.sgf	https://katagotraining.org/sgf-files/rating-games/9309842263992DC964F5070C6071A106.sgf	7251	ok
rating-games_9A640EACBBC722DDFA711B33BB3FD9C9.sgf	https://katagotraining.org/sgf-files/rating-games/9A640EACBBC722DDFA711B33BB3FD9C9.sgf	7656	ok
training-games_7BC6C88B2DB9B7B3465C6659302BD36E.sgf	https://katagotraining.org/sgf-files/training-games/7BC6C88B2DB9B7B3465C6659302BD36E.sgf	11210	ok
rating-games_4C3BA61D62155C7CE632126322C4689F.sgf	https://katagotraining.org/sgf-files/rating-games/4C3BA61D62155C7CE632126322C4689F.sgf	10438	ok
rating-games_C8756FA8D23394C0EFAD71B7A12A7059.sgf	https://katagotraining.org/sgf-files/rating-games/C8756FA8D23394C0EFAD71B7A12A7059.sgf	10223	ok
training-games_AAB6B07B867DC258CD5E709E6B2349C7.sgf	https://katagotraining.org/sgf-files/training-games/AAB6B07B867DC258CD5E709E6B2349C7.sgf	16413	ok
rating-games_83C3404361580D59FAF920FB03B456C7.sgf	https://katagotraining.org/sgf-files/rating-games/83C3404361580D59FAF920FB03B456C7.sgf	6333	ok
training-games_0C774F3EF6720E7A61CBFA16E8C06CA2.sgf	https://katagotraining.org/sgf-files/training-games/0C774F3EF6720E7A61CBFA16E8C06CA2.sgf	13914	ok
rating-games_E87F779A9D9945F7D18B614AE9CCEFA4.sgf	https://katagotraining.org/sgf-files/rating-games/E87F779A9D9945F7D18B614AE9CCEFA4.sgf	6222	ok
rating-games_3824D7EECDAD2075B920A9D1F8C9C105.sgf	https://katagotraining.org/sgf-files/rating-games/3824D7EECDAD2075B920A9D1F8C9C105.sgf	9504	ok
rating-games_70F9DA1976F1877CD700D56408DAB621.sgf	https://katagotraining.org/sgf-files/rating-games/70F9DA1976F1877CD700D56408DAB621.sgf	3966	ok
training-games_209D420600370454D079A1E8D4EF6B16.sgf	https://katagotraining.org/sgf-files/training-games/209D420600370454D079A1E8D4EF6B16.sgf	15248	ok
rating-games_F4F1E437F3BA963C61245F4639097175.sgf	https://katagotraining.org/sgf-files/rating-games/F4F1E437F3BA963C61245F4639097175.sgf	10438	ok
training-games_85A53ACD542ABC9224C07AC9C87CEC94.sgf	https://katagotraining.org/sgf-files/training-games/85A53ACD542ABC9224C07AC9C87CEC94.sgf	14603	ok
rating-games_54250050963867AE569314490A39D5EA.sgf	https://katagotraining.org/sgf-files/rating-games/54250050963867AE569314490A39D5EA.sgf	7633	ok
rating-games_67F227C3442A6B8C916E15FDD705556C.sgf	https://katagotraining.org/sgf-files/rating-games/67F227C3442A6B8C916E15FDD705556C.sgf	7764	ok
training-games_91C80925AFA2EBC887107491F5DBA40C.sgf	https://katagotraining.org/sgf-files/training-games/91C80925AFA2EBC887107491F5DBA40C.sgf	11154	ok
training-games_9BC1BCE326E445591A95BC7085A4A434.sgf	https://katagotraining.org/sgf-files/training-games/9BC1BCE326E445591A95BC7085A4A434.sgf	18045	ok
training-games_AD24D670CBDF6C4C7F90E0384C001AFB.sgf	https://katagotraining.org/sgf-files/training-games/AD24D670CBDF6C4C7F90E0384C001AFB.sgf	11278	ok
rating-games_C3D5B0A8FDF72718873B4763AB4C4021.sgf	https://katagotraining.org/sgf-files/rating-games/C3D5B0A8FDF72718873B4763AB4C4021.sgf	8700	ok
training-games_2071F24848C985CF4D7F561C7854412C.sgf	https://katagotraining.org/sgf-files/training-games/2071F24848C985CF4D7F561C7854412C.sgf	15261	ok
rating-games_883D517A7E68FE18E51DAB1F589809A1.sgf	https://katagotraining.org/sgf-files/rating-games/883D517A7E68FE18E51DAB1F589809A1.sgf	4826	ok
rating-games_832C45B0F589B162F9DB52BE633DCE49.sgf	https://katagotraining.org/sgf-files/rating-games/832C45B0F589B162F9DB52BE633DCE49.sgf	10096	ok
rating-games_3898ACF53B54AB6C1A36BDF9F60329A4.sgf	https://katagotraining.org/sgf-files/rating-games/3898ACF53B54AB6C1A36BDF9F60329A4.sgf	8666	ok
rating-games_AD7D0C5770EC4F56F87B1DE1E05FA84F.sgf	https://katagotraining.org/sgf-files/rating-games/AD7D0C5770EC4F56F87B1DE1E05FA84F.sgf	6183	ok
rating-games_14C287F23CB760A504D1A9B5C33067E9.sgf	https://katagotraining.org/sgf-files/rating-games/14C287F23CB760A504D1A9B5C33067E9.sgf	6737	ok
training-games_D4672A0EC386B77FEC59D357EA8FC23C.sgf	https://katagotraining.org/sgf-files/training-games/D4672A0EC386B77FEC59D357EA8FC23C.sgf	17107	ok
training-games_0DA087BE473CDCDD926478FD5FD40D87.sgf	https://katagotraining.org/sgf-files/training-games/0DA087BE473CDCDD926478FD5FD40D87.sgf	12506	ok
rating-games_BA5784739B655CAC56EEA21E9E5C4810.sgf	https://katagotraining.org/sgf-files/rating-games/BA5784739B655CAC56EEA21E9E5C4810.sgf	6893	ok
rating-games_40CE9AA90CF0794B602EE464486384FE.sgf	https://katagotraining.org/sgf-files/rating-games/40CE9AA90CF0794B602EE464486384FE.sgf	6643	ok
rating-games_B35108DBE6BB069094C3DF2B0CDD0F56.sgf	https://katagotraining.org/sgf-files/rating-games/B35108DBE6BB069094C3DF2B0CDD0F56.sgf	6677	ok
training-games_9F68190E7D05373E33E7A9D66D330F17.sgf	https://katagotraining.org/sgf-files/training-games/9F68190E7D05373E33E7A9D66D330F17.sgf	12739	ok
rating-games_2F677D0EFD891E356D3CD6837007485E.sgf	https://katagotraining.org/sgf-files/rating-games/2F677D0EFD891E356D3CD6837007485E.sgf	7388	ok
rating-games_7EF4E8C3A0566C42BAF220D0CAC7F30C.sgf	https://katagotraining.org/sgf-files/rating-games/7EF4E8C3A0566C42BAF220D0CAC7F30C.sgf	8363	ok
rating-games_9ED03EA95747BF85D379D3825964BCCF.sgf	https://katagotraining.org/sgf-files/rating-games/9ED03EA95747BF85D379D3825964BCCF.sgf	9187	ok
training-games_7EF2BBAEB6F08B307916BA322E9CF857.sgf	https://katagotraining.org/sgf-files/training-games/7EF2BBAEB6F08B307916BA322E9CF857.sgf	8891	ok
rating-games_1208E9F8975EAF4EC2021F4D4A559483.sgf	https://katagotraining.org/sgf-files/rating-games/1208E9F8975EAF4EC2021F4D4A559483.sgf	6522	ok
rating-games_8BA5BBE8F3108FEA0A505E97E5B73B29.sgf	https://katagotraining.org/sgf-files/rating-games/8BA5BBE8F3108FEA0A505E97E5B73B29.sgf	2817	ok
rating-games_64C16B875885AF7C02DA4CBCF718E3DE.sgf	https://katagotraining.org/sgf-files/rating-games/64C16B875885AF7C02DA4CBCF718E3DE.sgf	6472	ok
rating-games_2E026DB3C0447EF7B32864941D615645.sgf	https://katagotraining.org/sgf-files/rating-games/2E026DB3C0447EF7B32864941D615645.sgf	7742	ok
rating-games_5E1174122C0651E6E313B47535E3B119.sgf	https://katagotraining.org/sgf-files/rating-games/5E1174122C0651E6E313B47535E3B119.sgf	4617	ok
training-games_AEFF05662A9BB5F340F83480181BB640.sgf	https://katagotraining.org/sgf-files/training-games/AEFF05662A9BB5F340F83480181BB640.sgf	15742	ok
training-games_EC908CF27F8E523AC217151A33FE620C.sgf	https://katagotraining.org/sgf-files/training-games/EC908CF27F8E523AC217151A33FE620C.sgf	14033	ok
rating-games_062763B764B9675CAEB4EC8B92B557A6.sgf	https://katagotraining.org/sgf-files/rating-games/062763B764B9675CAEB4EC8B92B557A6.sgf	5847	ok
rating-games_3D625014B32320088598196208FA3DB4.sgf	https://katagotraining.org/sgf-files/rating-games/3D625014B32320088598196208FA3DB4.sgf	6695	ok
training-games_9ED88A96B6FDC8ED35BBC0880F162DA9.sgf	https://katagotraining.org/sgf-files/training-games/9ED88A96B6FDC8ED35BBC0880F162DA9.sgf	11685	ok
training-games_2558DDC2F2DCAF48F1127237352BB4E6.sgf	https://katagotraining.org/sgf-files/training-games/2558DDC2F2DCAF48F1127237352BB4E6.sgf	16002	ok
rating-games_74D22C397AAF48E3D0B993F9E58234F1.sgf	https://katagotraining.org/sgf-files/rating-games/74D22C397AAF48E3D0B993F9E58234F1.sgf	8827	ok
training-games_593976AE819CD771165D496020D5B634.sgf	https://katagotraining.org/sgf-files/training-games/593976AE819CD771165D496020D5B634.sgf	14104	ok
rating-games_E6C1A68F34728198BA037E87447C6EB1.sgf	https://katagotraining.org/sgf-files/rating-games/E6C1A68F34728198BA037E87447C6EB1.sgf	3895	ok
rating-games_CBAA90F23A334BB8B7B511A7C82EF768.sgf	https://katagotraining.org/sgf-files/rating-games/CBAA90F23A334BB8B7B511A7C82EF768.sgf	6190	ok
rating-games_DBBFAFFB494A300C288DE8627751925C.sgf	https://katagotraining.org/sgf-files/rating-games/DBBFAFFB494A300C288DE8627751925C.sgf	6120	ok
rating-games_0D083618599FA7249F30D759CA405BED.sgf	https://katagotraining.org/sgf-files/rating-games/0D083618599FA7249F30D759CA405BED.sgf	5287	ok
rating-games_6FAFA38D055CA68C6D623A0F7B850FB6.sgf	https://katagotraining.org/sgf-files/rating-games/6FAFA38D055CA68C6D623A0F7B850FB6.sgf	6998	ok
rating-games_2462005E3B2178D40AF9CA14BF7209AF.sgf	https://katagotraining.org/sgf-files/rating-games/2462005E3B2178D40AF9CA14BF7209AF.sgf	9030	ok
rating-games_3A68553D021C18A5AA02F8B9C0AC6F0F.sgf	https://katagotraining.org/sgf-files/rating-games/3A68553D021C18A5AA02F8B9C0AC6F0F.sgf	8604	ok
rating-games_41B8199C3A7A9C3012C314A7ECBF022B.sgf	https://katagotraining.org/sgf-files/rating-games/41B8199C3A7A9C3012C314A7ECBF022B.sgf	6446	ok
rating-games_F189B1C2E74547AEBA330A778320DAD4.sgf	https://katagotraining.org/sgf-files/rating-games/F189B1C2E74547AEBA330A778320DAD4.sgf	5997	ok
rating-games_BC4C34F652A56D51996D371D5B75E8C3.sgf	https://katagotraining.org/sgf-files/rating-games/BC4C34F652A56D51996D371D5B75E8C3.sgf	5896	ok
rating-games_6DD1B5FA64EE592917B8FDEEC5D2C64A.sgf	https://katagotraining.org/sgf-files/rating-games/6DD1B5FA64EE592917B8FDEEC5D2C64A.sgf	6707	ok
rating-games_0E21D65A70B908C4078D7D5C62313A65.sgf	https://katagotraining.org/sgf-files/rating-games/0E21D65A70B908C4078D7D5C62313A65.sgf	4784	ok
training-games_E7BDD996BCA80526988351D41BAD750F.sgf	https://katagotraining.org/sgf-files/training-games/E7BDD996BCA80526988351D41BAD750F.sgf	12647	ok
training-games_48B3B686CF9C8BBDB0EE9F1E69B75523.sgf	https://katagotraining.org/sgf-files/training-games/48B3B686CF9C8BBDB0EE9F1E69B75523.sgf	17558	ok
rating-games_F0EE92EAFD90844E911DFE7F7B36EB78.sgf	https://katagotraining.org/sgf-files/rating-games/F0EE92EAFD90844E911DFE7F7B36EB78.sgf	7113	ok
rating-games_6B0C9AFB18720D6444F1B72575B68CAC.sgf	https://katagotraining.org/sgf-files/rating-games/6B0C9AFB18720D6444F1B72575B68CAC.sgf	12059	ok
rating-games_4AD4DF28407AC544A8C7E38A8475BF28.sgf	https://katagotraining.org/sgf-files/rating-games/4AD4DF28407AC544A8C7E38A8475BF28.sgf	7825	ok
rating-games_30AB4604203A13CBBAEC6E95BFECA9E9.sgf	https://katagotraining.org/sgf-files/rating-games/30AB4604203A13CBBAEC6E95BFECA9E9.sgf	6535	ok
rating-games_23B8C9210BDF19D1D044D74B557337EA.sgf	https://katagotraining.org/sgf-files/rating-games/23B8C9210BDF19D1D044D74B557337EA.sgf	9120	ok
rating-games_A615301F6ADFEE975444F80431AF7892.sgf	https://katagotraining.org/sgf-files/rating-games/A615301F6ADFEE975444F80431AF7892.sgf	5514	ok
training-games_C1F096940033B0A4C86F44FE38D594A8.sgf	https://katagotraining.org/sgf-files/training-games/C1F096940033B0A4C86F44FE38D594A8.sgf	11509	ok
rating-games_AEE824C4BDB6E7AAC298EB894CEB511B.sgf	https://katagotraining.org/sgf-files/rating-games/AEE824C4BDB6E7AAC298EB894CEB511B.sgf	8163	ok
rating-games_71E66FF894D9D1D4FEB44BB9CE6E94CC.sgf	https://katagotraining.org/sgf-files/rating-games/71E66FF894D9D1D4FEB44BB9CE6E94CC.sgf	5997	ok
training-games_6F66A432ED4ACC0D5BBB1E36A4977EB0.sgf	https://katagotraining.org/sgf-files/training-games/6F66A432ED4ACC0D5BBB1E36A4977EB0.sgf	10387	ok
training-games_79212AEA605C95E520DA8BF3E4F56E28.sgf	https://katagotraining.org/sgf-files/training-games/79212AEA605C95E520DA8BF3E4F56E28.sgf	12994	ok
rating-games_7E6F62020E2A523742420B893EC1F688.sgf	https://katagotraining.org/sgf-files/rating-games/7E6F62020E2A523742420B893EC1F688.sgf	5453	ok
rating-games_06741E4FB5FADA6E944726A68FC79014.sgf	https://katagotraining.org/sgf-files/rating-games/06741E4FB5FADA6E944726A68FC79014.sgf	7657	ok
rating-games_4B78878321F3BA72E8C70012700E0754.sgf	https://katagotraining.org/sgf-files/rating-games/4B78878321F3BA72E8C70012700E0754.sgf	7359	ok
training-games_C151117CBD5E9E3499F1C2256759002E.sgf	https://katagotraining.org/sgf-files/training-games/C151117CBD5E9E3499F1C2256759002E.sgf	13203	ok
rating-games_5F8BA5B16A4A4E1958DDB49B64D08FC0.sgf	https://katagotraining.org/sgf-files/rating-games/5F8BA5B16A4A4E1958DDB49B64D08FC0.sgf	12078	ok
rating-games_A80507760CACCD2BE02CC578CB1FD2A2.sgf	https://katagotraining.org/sgf-files/rating-games/A80507760CACCD2BE02CC578CB1FD2A2.sgf	8367	ok
rating-games_993C07FD620E1ECE9908FBF1AE2E6044.sgf	https://katagotraining.org/sgf-files/rating-games/993C07FD620E1ECE9908FBF1AE2E6044.sgf	10277	ok
rating-games_09FF50A0DCA2CF9768C7D7C43AE763D0.sgf	https://katagotraining.org/sgf-files/rating-games/09FF50A0DCA2CF9768C7D7C43AE763D0.sgf	4805	ok
rating-games_CBDC12241BEB7AE5EAAED02C6E0C168E.sgf	https://katagotraining.org/sgf-files/rating-games/CBDC12241BEB7AE5EAAED02C6E0C168E.sgf	4165	ok
rating-games_2185AD10BDD51FBAAD9931F032BD49C1.sgf	https://katagotraining.org/sgf-files/rating-games/2185AD10BDD51FBAAD9931F032BD49C1.sgf	8558	ok
training-games_3718E789F474026958DCE1DE8F7E2303.sgf	https://katagotraining.org/sgf-files/training-games/3718E789F474026958DCE1DE8F7E2303.sgf	12244	ok
rating-games_695044FDAF70A23344C0F90F77C7650E.sgf	https://katagotraining.org/sgf-files/rating-games/695044FDAF70A23344C0F90F77C7650E.sgf	4256	ok
rating-games_2662F098AE8497B6D543BDF71EA03A2F.sgf	https://katagotraining.org/sgf-files/rating-games/2662F098AE8497B6D543BDF71EA03A2F.sgf	7023	ok
training-games_84FE88E5DC83A0644EE1E103421E658F.sgf	https://katagotraining.org/sgf-files/training-games/84FE88E5DC83A0644EE1E103421E658F.sgf	15680	ok
rating-games_11977276DCCA670F7332F23724135925.sgf	https://katagotraining.org/sgf-files/rating-games/11977276DCCA670F7332F23724135925.sgf	7956	ok
rating-games_4EFFF75716E3607B7ED4B70367D604E6.sgf	https://katagotraining.org/sgf-files/rating-games/4EFFF75716E3607B7ED4B70367D604E6.sgf	3851	ok
training-games_7D20C7AD777F6D600FDF43F08E2F5814.sgf	https://katagotraining.org/sgf-files/training-games/7D20C7AD777F6D600FDF43F08E2F5814.sgf	14037	ok
rating-games_6E0ED3A4927573040B814BB14210E4F9.sgf	https://katagotraining.org/sgf-files/rating-games/6E0ED3A4927573040B814BB14210E4F9.sgf	5526	ok
rating-games_4C2831B6511F21672ECE65951EB9E98E.sgf	https://katagotraining.org/sgf-files/rating-games/4C2831B6511F21672ECE65951EB9E98E.sgf	11451	ok
rating-games_D5A47960A9E766FD87F62B649D40AB75.sgf	https://katagotraining.org/sgf-files/rating-games/D5A47960A9E766FD87F62B649D40AB75.sgf	6237	ok
rating-games_1FEBB7B2500E67A934D855B9F1B246D8.sgf	https://katagotraining.org/sgf-files/rating-games/1FEBB7B2500E67A934D855B9F1B246D8.sgf	10601	ok
rating-games_2AE17FC1A1FE3A976359CCA2356EF6F7.sgf	https://katagotraining.org/sgf-files/rating-games/2AE17FC1A1FE3A976359CCA2356EF6F7.sgf	8240	ok
rating-games_1F447BC540ED2911C07F140E1B0A69D8.sgf	https://katagotraining.org/sgf-files/rating-games/1F447BC540ED2911C07F140E1B0A69D8.sgf	3389	ok
rating-games_A5D02D4AE7A8EC8BA9BF1751DE36F457.sgf	https://katagotraining.org/sgf-files/rating-games/A5D02D4AE7A8EC8BA9BF1751DE36F457.sgf	7599	ok
rating-games_61615872CD06F8F22543B29E2C0187D3.sgf	https://katagotraining.org/sgf-files/rating-games/61615872CD06F8F22543B29E2C0187D3.sgf	8487	ok
rating-games_1ED8A0185E18CA2ECE934D9AEFF2BAA3.sgf	https://katagotraining.org/sgf-files/rating-games/1ED8A0185E18CA2ECE934D9AEFF2BAA3.sgf	7572	ok
rating-games_CC7E5774BA4DDED0CB59D88C1DC7738B.sgf	https://katagotraining.org/sgf-files/rating-games/CC7E5774BA4DDED0CB59D88C1DC7738B.sgf	6935	ok
rating-games_40820B53D81D5D206AA7464323D4317B.sgf	https://katagotraining.org/sgf-files/rating-games/40820B53D81D5D206AA7464323D4317B.sgf	11369	ok
training-games_00D96B12CA79539DC8870B3964593E55.sgf	https://katagotraining.org/sgf-files/training-games/00D96B12CA79539DC8870B3964593E55.sgf	15234	ok
training-games_347D4FD8D5D1E21379E02938C2B3A770.sgf	https://katagotraining.org/sgf-files/training-games/347D4FD8D5D1E21379E02938C2B3A770.sgf	14244	ok
training-games_3DF2984BDDE5B88F8D82DC36E670097F.sgf	https://katagotraining.org/sgf-files/training-games/3DF2984BDDE5B88F8D82DC36E670097F.sgf	3027	ok
training-games_5215D5A63326BB33761A88EE5352A1A3.sgf	https://katagotraining.org/sgf-files/training-games/5215D5A63326BB33761A88EE5352A1A3.sgf	6251	ok
training-games_EC45ABFB2CEB855BF839CC2A60BC096E.sgf	https://katagotraining.org/sgf-files/training-games/EC45ABFB2CEB855BF839CC2A60BC096E.sgf	13747	ok
rating-games_B75CF472E184B0D4F8C226CFD997B2E7.sgf	https://katagotraining.org/sgf-files/rating-games/B75CF472E184B0D4F8C226CFD997B2E7.sgf	10039	ok
rating-games_11098475B18148C5B4D4A2A19F7FE6B9.sgf	https://katagotraining.org/sgf-files/rating-games/11098475B18148C5B4D4A2A19F7FE6B9.sgf	3215	ok
rating-games_3453E1FDC80B418E2ADF63E55DA54B06.sgf	https://katagotraining.org/sgf-files/rating-games/3453E1FDC80B418E2ADF63E55DA54B06.sgf	7746	ok
rating-games_46192F5BCB97EFD1E062E10043E99892.sgf	https://katagotraining.org/sgf-files/rating-games/46192F5BCB97EFD1E062E10043E99892.sgf	6079	ok
rating-games_ADBFBDF7EBB39C9FC487DFBA99F47381.sgf	https://katagotraining.org/sgf-files/rating-games/ADBFBDF7EBB39C9FC487DFBA99F47381.sgf	10988	ok
rating-games_A04720B590B86EC0B427C9585C02A1DC.sgf	https://katagotraining.org/sgf-files/rating-games/A04720B590B86EC0B427C9585C02A1DC.sgf	10913	ok
training-games_D55CF65D829F8DB3B524C1D13FB233A2.sgf	https://katagotraining.org/sgf-files/training-games/D55CF65D829F8DB3B524C1D13FB233A2.sgf	14949	ok
training-games_302A8985F8386458EA3DC61866CBD1B6.sgf	https://katagotraining.org/sgf-files/training-games/302A8985F8386458EA3DC61866CBD1B6.sgf	14489	ok
training-games_3EA5EBD74195158F78339251AE53BAE5.sgf	https://katagotraining.org/sgf-files/training-games/3EA5EBD74195158F78339251AE53BAE5.sgf	13343	ok
rating-games_79EE37C77DCA5A014AE635BC82E855BC.sgf	https://katagotraining.org/sgf-files/rating-games/79EE37C77DCA5A014AE635BC82E855BC.sgf	11725	ok
rating-games_0FEB81D0418D061CAF36B2B080435191.sgf	https://katagotraining.org/sgf-files/rating-games/0FEB81D0418D061CAF36B2B080435191.sgf	9647	ok
rating-games_6D69FD87F29F4FE7E452A5A5B49F8CDD.sgf	https://katagotraining.org/sgf-files/rating-games/6D69FD87F29F4FE7E452A5A5B49F8CDD.sgf	6117	ok
rating-games_C27E0D4C3825FD8A43453D682644AD98.sgf	https://katagotraining.org/sgf-files/rating-games/C27E0D4C3825FD8A43453D682644AD98.sgf	9578	ok
rating-games_343855EB7119C0114FA3842855D6432C.sgf	https://katagotraining.org/sgf-files/rating-games/343855EB7119C0114FA3842855D6432C.sgf	7122	ok
rating-games_E0305CAACA0C18485321A654A8C429A2.sgf	https://katagotraining.org/sgf-files/rating-games/E0305CAACA0C18485321A654A8C429A2.sgf	7105	ok
rating-games_6F6901C6A2971A98A53A43FFCFF49B44.sgf	https://katagotraining.org/sgf-files/rating-games/6F6901C6A2971A98A53A43FFCFF49B44.sgf	8824	ok
rating-games_4B076B9B414F75CA4C7BDDFB0B518920.sgf	https://katagotraining.org/sgf-files/rating-games/4B076B9B414F75CA4C7BDDFB0B518920.sgf	6430	ok
rating-games_FB60E912C8288CFCA6319478E1760907.sgf	https://katagotraining.org/sgf-files/rating-games/FB60E912C8288CFCA6319478E1760907.sgf	7416	ok
rating-games_8F216DC2B584E15CA18AD27CFC163A1D.sgf	https://katagotraining.org/sgf-files/rating-games/8F216DC2B584E15CA18AD27CFC163A1D.sgf	9726	ok
rating-games_AC8D4516D457EDE60E191845684F7F70.sgf	https://katagotraining.org/sgf-files/rating-games/AC8D4516D457EDE60E191845684F7F70.sgf	5901	ok
rating-games_68D6554BA8E1B74398EA720E74091798.sgf	https://katagotraining.org/sgf-files/rating-games/68D6554BA8E1B74398EA720E74091798.sgf	8193	ok
training-games_DBCFDCEB6992E6115FC413AF37D73592.sgf	https://katagotraining.org/sgf-files/training-games/DBCFDCEB6992E6115FC413AF37D73592.sgf	13088	ok
training-games_ED97C3D1B0576010F40C1BCFCDE7574E.sgf	https://katagotraining.org/sgf-files/training-games/ED97C3D1B0576010F40C1BCFCDE7574E.sgf	12543	ok
training-games_6FFEA332563824D38BE7432559CD645D.sgf	https://katagotraining.org/sgf-files/training-games/6FFEA332563824D38BE7432559CD645D.sgf	12566	ok
rating-games_D1A05321DF5C55920CF8AED493EC3CE2.sgf	https://katagotraining.org/sgf-files/rating-games/D1A05321DF5C55920CF8AED493EC3CE2.sgf	8236	ok
rating-games_09A2046860FE1A2CEE2E48D437E3B11B.sgf	https://katagotraining.org/sgf-files/rating-games/09A2046860FE1A2CEE2E48D437E3B11B.sgf	7283	ok
rating-games_B33D7A437A0A37E9C412BC46390AD956.sgf	https://katagotraining.org/sgf-files/rating-games/B33D7A437A0A37E9C412BC46390AD956.sgf	10135	ok
rating-games_903778FE8F2B3A3F156C7915DA9A2910.sgf	https://katagotraining.org/sgf-files/rating-games/903778FE8F2B3A3F156C7915DA9A2910.sgf	7035	ok
training-games_7C466628866BB83D82C66E99708C044E.sgf	https://katagotraining.org/sgf-files/training-games/7C466628866BB83D82C66E99708C044E.sgf	13892	ok
rating-games_0FFE763A5EEF78C9B627D616B607530D.sgf	https://katagotraining.org/sgf-files/rating-games/0FFE763A5EEF78C9B627D616B607530D.sgf	8297	ok
rating-games_8CA7C120DB2FD4B8A68C0026883E04A9.sgf	https://katagotraining.org/sgf-files/rating-games/8CA7C120DB2FD4B8A68C0026883E04A9.sgf	7710	ok
rating-games_7A8765EB90C4410F0BD5C3AA3E867834.sgf	https://katagotraining.org/sgf-files/rating-games/7A8765EB90C4410F0BD5C3AA3E867834.sgf	4703	ok
training-games_F4F8DF3BB47402A1DE7733F31C6E4311.sgf	https://katagotraining.org/sgf-files/training-games/F4F8DF3BB47402A1DE7733F31C6E4311.sgf	14222	ok
rating-games_F2C7127C57B2E8B57B3FDF6C748D32EB.sgf	https://katagotraining.org/sgf-files/rating-games/F2C7127C57B2E8B57B3FDF6C748D32EB.sgf	5735	ok
rating-games_3EF5B2313502BFEBD8EA146A4287FB31.sgf	https://katagotraining.org/sgf-files/rating-games/3EF5B2313502BFEBD8EA146A4287FB31.sgf	6610	ok
rating-games_C66D34BE4C2AE29FD1E12708BA27C63F.sgf	https://katagotraining.org/sgf-files/rating-games/C66D34BE4C2AE29FD1E12708BA27C63F.sgf	7519	ok
rating-games_47D58599BF1D4F2A2AD99C3B8762A543.sgf	https://katagotraining.org/sgf-files/rating-games/47D58599BF1D4F2A2AD99C3B8762A543.sgf	6817	ok
rating-games_E1E678B6107FDD17ED9A7EC91D760E87.sgf	https://katagotraining.org/sgf-files/rating-games/E1E678B6107FDD17ED9A7EC91D760E87.sgf	10020	ok
rating-games_509FA6EDA7916F97A3E186D91E049D79.sgf	https://katagotraining.org/sgf-files/rating-games/509FA6EDA7916F97A3E186D91E049D79.sgf	7149	ok
training-games_3B6BE39C49FCC6DB08FCA731AE82392D.sgf	https://katagotraining.org/sgf-files/training-games/3B6BE39C49FCC6DB08FCA731AE82392D.sgf	18205	ok
rating-games_FA9B464ADC9AEF64F5DED88A032AC91C.sgf	https://katagotraining.org/sgf-files/rating-games/FA9B464ADC9AEF64F5DED88A032AC91C.sgf	9578	ok
rating-games_1F03AD0CB9D668CD6773B03B2364428F.sgf	https://katagotraining.org/sgf-files/rating-games/1F03AD0CB9D668CD6773B03B2364428F.sgf	7341	ok
rating-games_93B9A2A3268D4AEA926E280F5AA4D0EB.sgf	https://katagotraining.org/sgf-files/rating-games/93B9A2A3268D4AEA926E280F5AA4D0EB.sgf	8452	ok
training-games_AAEB670667A71BE36D223E120FB658C0.sgf	https://katagotraining.org/sgf-files/training-games/AAEB670667A71BE36D223E120FB658C0.sgf	12215	ok
rating-games_ED1D8BDBFE0C6E62814852045A98C5F9.sgf	https://katagotraining.org/sgf-files/rating-games/ED1D8BDBFE0C6E62814852045A98C5F9.sgf	6086	ok
rating-games_16B0DBDD74AE2A66AADB19CA5FFCF1B1.sgf	https://katagotraining.org/sgf-files/rating-games/16B0DBDD74AE2A66AADB19CA5FFCF1B1.sgf	5351	ok
rating-games_BAF0DD97747E8B51233CE00B37FEE9CE.sgf	https://katagotraining.org/sgf-files/rating-games/BAF0DD97747E8B51233CE00B37FEE9CE.sgf	9962	ok
rating-games_B24ADCA4CA72CA29A746D24876F86AB4.sgf	https://katagotraining.org/sgf-files/rating-games/B24ADCA4CA72CA29A746D24876F86AB4.sgf	6031	ok
rating-games_BB7EAD3C79C764204DA65D2F5EE73854.sgf	https://katagotraining.org/sgf-files/rating-games/BB7EAD3C79C764204DA65D2F5EE73854.sgf	6717	ok
rating-games_10AD0EF09DF461B9B7BEE47A509FEC46.sgf	https://katagotraining.org/sgf-files/rating-games/10AD0EF09DF461B9B7BEE47A509FEC46.sgf	10669	ok
rating-games_2D346D6DF3D899C322F7AA35D873407D.sgf	https://katagotraining.org/sgf-files/rating-games/2D346D6DF3D899C322F7AA35D873407D.sgf	7164	ok
rating-games_AFF94CE3DD182574CF5C4BF8C5511EE5.sgf	https://katagotraining.org/sgf-files/rating-games/AFF94CE3DD182574CF5C4BF8C5511EE5.sgf	6658	ok
rating-games_4FC7C78587CAE6DACFB7DFC4971A5B34.sgf	https://katagotraining.org/sgf-files/rating-games/4FC7C78587CAE6DACFB7DFC4971A5B34.sgf	6398	ok
rating-games_223B37DE9511DA865EC544469D26347E.sgf	https://katagotraining.org/sgf-files/rating-games/223B37DE9511DA865EC544469D26347E.sgf	6821	ok
training-games_5ED0C36884C2D14A802607CA1CC729AC.sgf	https://katagotraining.org/sgf-files/training-games/5ED0C36884C2D14A802607CA1CC729AC.sgf	16011	ok
rating-games_435B210139A2D380158868FD9437F9AC.sgf	https://katagotraining.org/sgf-files/rating-games/435B210139A2D380158868FD9437F9AC.sgf	6247	ok
rating-games_BAEE262A48CE94DAB4AE396ACC850863.sgf	https://katagotraining.org/sgf-files/rating-games/BAEE262A48CE94DAB4AE396ACC850863.sgf	6741	ok
training-games_AA5652ED5AD7C25CC0C24E57410BD584.sgf	https://katagotraining.org/sgf-files/training-games/AA5652ED5AD7C25CC0C24E57410BD584.sgf	15411	ok
rating-games_C6C5A3B32F87B8FB3FA996466010A377.sgf	https://katagotraining.org/sgf-files/rating-games/C6C5A3B32F87B8FB3FA996466010A377.sgf	5024	ok
training-games_8CFC7FE1671D3D924AFE9C91CED9463D.sgf	https://katagotraining.org/sgf-files/training-games/8CFC7FE1671D3D924AFE9C91CED9463D.sgf	14125	ok
training-games_6CCAD45873EAEA68595240CA5835F8B4.sgf	https://katagotraining.org/sgf-files/training-games/6CCAD45873EAEA68595240CA5835F8B4.sgf	15765	ok
rating-games_31C855F18C7FE4748CD010FB87A61CEF.sgf	https://katagotraining.org/sgf-files/rating-games/31C855F18C7FE4748CD010FB87A61CEF.sgf	6735	ok
rating-games_FEA4B2CA2012174CF0AFECB0147B0774.sgf	https://katagotraining.org/sgf-files/rating-games/FEA4B2CA2012174CF0AFECB0147B0774.sgf	7259	ok
rating-games_1F19872001FCB716182DC6B229A19F4C.sgf	https://katagotraining.org/sgf-files/rating-games/1F19872001FCB716182DC6B229A19F4C.sgf	12112	ok
training-games_C2A9916E39B7700454E6B69C20DAF570.sgf	https://katagotraining.org/sgf-files/training-games/C2A9916E39B7700454E6B69C20DAF570.sgf	12836	ok
training-games_1CDA92FE805DE27508FC5E367996EAA2.sgf	https://katagotraining.org/sgf-files/training-games/1CDA92FE805DE27508FC5E367996EAA2.sgf	16572	ok
rating-games_48532B96D357DD58D673A6A4E707BFF0.sgf	https://katagotraining.org/sgf-files/rating-games/48532B96D357DD58D673A6A4E707BFF0.sgf	8129	ok
training-games_4E4CAE98793BF1F854E829F7C49C5836.sgf	https://katagotraining.org/sgf-files/training-games/4E4CAE98793BF1F854E829F7C49C5836.sgf	13591	ok
training-games_1C6FA7719E7B4242EBAEE1168E8AB86F.sgf	https://katagotraining.org/sgf-files/training-games/1C6FA7719E7B4242EBAEE1168E8AB86F.sgf	15639	ok
rating-games_4C2971E4EA9229691661E633E2744EC0.sgf	https://katagotraining.org/sgf-files/rating-games/4C2971E4EA9229691661E633E2744EC0.sgf	9958	ok
training-games_659F9B9989DF96ACADE18833A9D174D2.sgf	https://katagotraining.org/sgf-files/training-games/659F9B9989DF96ACADE18833A9D174D2.sgf	15105	ok
rating-games_D860F8724DCCADD0BEFCAA8B863A8EA2.sgf	https://katagotraining.org/sgf-files/rating-games/D860F8724DCCADD0BEFCAA8B863A8EA2.sgf	11675	ok
training-games_795F9817257D4DC1DCB3289BD65E65F6.sgf	https://katagotraining.org/sgf-files/training-games/795F9817257D4DC1DCB3289BD65E65F6.sgf	7380	ok
rating-games_0EAFFA4612659FD9E4D21902CC357C87.sgf	https://katagotraining.org/sgf-files/rating-games/0EAFFA4612659FD9E4D21902CC357C87.sgf	6101	ok
training-games_87A7CAF0E3766C7DFFCA3C1D686FD38A.sgf	https://katagotraining.org/sgf-files/training-games/87A7CAF0E3766C7DFFCA3C1D686FD38A.sgf	11937	ok
rating-games_76C30B15A734599604C2902DAA733161.sgf	https://katagotraining.org/sgf-files/rating-games/76C30B15A734599604C2902DAA733161.sgf	12677	ok
rating-games_80DD181AFF92A72A224DD55FF317B6E2.sgf	https://katagotraining.org/sgf-files/rating-games/80DD181AFF92A72A224DD55FF317B6E2.sgf	9089	ok
rating-games_F24222C44894CA77F05254ABC5D5FA15.sgf	https://katagotraining.org/sgf-files/rating-games/F24222C44894CA77F05254ABC5D5FA15.sgf	11395	ok
training-games_DE133B06D1A03C8E9F0F7DD9941DB4AF.sgf	https://katagotraining.org/sgf-files/training-games/DE133B06D1A03C8E9F0F7DD9941DB4AF.sgf	11415	ok
training-games_B4E31C698EA5E7D6020F59CF59D9530E.sgf	https://katagotraining.org/sgf-files/training-games/B4E31C698EA5E7D6020F59CF59D9530E.sgf	16495	ok
rating-games_2E8A8A01B44BB51E968AB086C96BA63F.sgf	https://katagotraining.org/sgf-files/rating-games/2E8A8A01B44BB51E968AB086C96BA63F.sgf	6638	ok
rating-games_2315047CE1CB403FD9F0389F9B7DB8DD.sgf	https://katagotraining.org/sgf-files/rating-games/2315047CE1CB403FD9F0389F9B7DB8DD.sgf	7078	ok
training-games_CCBAE388541CD976BF24A73F2E26A78A.sgf	https://katagotraining.org/sgf-files/training-games/CCBAE388541CD976BF24A73F2E26A78A.sgf	13040	ok
rating-games_44546E1141DDD0AA6DCF0F6B6DB90BBA.sgf	https://katagotraining.org/sgf-files/rating-games/44546E1141DDD0AA6DCF0F6B6DB90BBA.sgf	6541	ok
rating-games_E105636D914E646C4CBA123BC7BE417E.sgf	https://katagotraining.org/sgf-files/rating-games/E105636D914E646C4CBA123BC7BE417E.sgf	8856	ok
training-games_AC8E6A9D0ECC9DC7D493E3A5F7A58921.sgf	https://katagotraining.org/sgf-files/training-games/AC8E6A9D0ECC9DC7D493E3A5F7A58921.sgf	14349	ok
training-games_0370218D15D7787E36FEE3FECA061DA3.sgf	https://katagotraining.org/sgf-files/training-games/0370218D15D7787E36FEE3FECA061DA3.sgf	14280	ok
training-games_C735003A7AEB1603FF72A500A4F52BAB.sgf	https://katagotraining.org/sgf-files/training-games/C735003A7AEB1603FF72A500A4F52BAB.sgf	15650	ok
rating-games_A539A5020BD08287BAA5ACAB7DD50370.sgf	https://katagotraining.org/sgf-files/rating-games/A539A5020BD08287BAA5ACAB7DD50370.sgf	10687	ok
rating-games_08DBF64DE4AAD930DBCC2787D070392D.sgf	https://katagotraining.org/sgf-files/rating-games/08DBF64DE4AAD930DBCC2787D070392D.sgf	6731	ok
training-games_5BCCB1B2F4A4F73FE1E5B6E311A6A59D.sgf	https://katagotraining.org/sgf-files/training-games/5BCCB1B2F4A4F73FE1E5B6E311A6A59D.sgf	15513	ok
rating-games_4956C1DC8F9DBADB16F60106528AEA2B.sgf	https://katagotraining.org/sgf-files/rating-games/4956C1DC8F9DBADB16F60106528AEA2B.sgf	11121	ok
training-games_A60F35D5CC27B526741FD6F2CF90D99F.sgf	https://katagotraining.org/sgf-files/training-games/A60F35D5CC27B526741FD6F2CF90D99F.sgf	10877	ok
rating-games_3331AE56CBD33B90AB6FCB103A990A3A.sgf	https://katagotraining.org/sgf-files/rating-games/3331AE56CBD33B90AB6FCB103A990A3A.sgf	9376	ok
rating-games_DE1BCDD0C1AD5AFBD714B51C02312D5E.sgf	https://katagotraining.org/sgf-files/rating-games/DE1BCDD0C1AD5AFBD714B51C02312D5E.sgf	9736	ok
rating-games_2A31470F96548D6ADF551C925344A89F.sgf	https://katagotraining.org/sgf-files/rating-games/2A31470F96548D6ADF551C925344A89F.sgf	12332	ok
rating-games_B8369E1F834A9D752BCED658715B05DD.sgf	https://katagotraining.org/sgf-files/rating-games/B8369E1F834A9D752BCED658715B05DD.sgf	6560	ok
training-games_1CC51D67A25D65771714DD6B8A1E1E7D.sgf	https://katagotraining.org/sgf-files/training-games/1CC51D67A25D65771714DD6B8A1E1E7D.sgf	17034	ok
training-games_B0ED4E4D1F248865D050F80BFE0DF510.sgf	https://katagotraining.org/sgf-files/training-games/B0ED4E4D1F248865D050F80BFE0DF510.sgf	13925	ok
rating-games_01E52926FD4064ED242A7E64E319139F.sgf	https://katagotraining.org/sgf-files/rating-games/01E52926FD4064ED242A7E64E319139F.sgf	7554	ok
rating-games_3A33EFAB8079C6C2E3BB8556D864C4E3.sgf	https://katagotraining.org/sgf-files/rating-games/3A33EFAB8079C6C2E3BB8556D864C4E3.sgf	6047	ok
training-games_37E8A34FD7C1684DAB6F5D4822CC1E6B.sgf	https://katagotraining.org/sgf-files/training-games/37E8A34FD7C1684DAB6F5D4822CC1E6B.sgf	12559	ok
rating-games_12C6699382DEBE55A68601F75684C85F.sgf	https://katagotraining.org/sgf-files/rating-games/12C6699382DEBE55A68601F75684C85F.sgf	5330	ok
rating-games_D63B8701F6F8DA28CF44C07497947918.sgf	https://katagotraining.org/sgf-files/rating-games/D63B8701F6F8DA28CF44C07497947918.sgf	6837	ok
rating-games_0CED9FB46442E952D49B121779CB052D.sgf	https://katagotraining.org/sgf-files/rating-games/0CED9FB46442E952D49B121779CB052D.sgf	7070	ok
training-games_BB030C5FE4AE3D9D3124EB92028BE3A7.sgf	https://katagotraining.org/sgf-files/training-games/BB030C5FE4AE3D9D3124EB92028BE3A7.sgf	14847	ok
training-games_27683F59154EAA0D7A26CB8E8C7A2B19.sgf	https://katagotraining.org/sgf-files/training-games/27683F59154EAA0D7A26CB8E8C7A2B19.sgf	14543	ok
rating-games_709A046A3823B5889B89E57071D890C0.sgf	https://katagotraining.org/sgf-files/rating-games/709A046A3823B5889B89E57071D890C0.sgf	6258	ok
training-games_A8D9D497BA2E0392EAAC777BAC59EAD3.sgf	https://katagotraining.org/sgf-files/training-games/A8D9D497BA2E0392EAAC777BAC59EAD3.sgf	16096	ok
rating-games_55B7C5ABB82BFC210A5792910DDA4690.sgf	https://katagotraining.org/sgf-files/rating-games/55B7C5ABB82BFC210A5792910DDA4690.sgf	7181	ok
training-games_5B41F69575EE5980A95D1DCA06E16706.sgf	https://katagotraining.org/sgf-files/training-games/5B41F69575EE5980A95D1DCA06E16706.sgf	8837	ok
rating-games_034F61C68147196F2DAF09D1055F836D.sgf	https://katagotraining.org/sgf-files/rating-games/034F61C68147196F2DAF09D1055F836D.sgf	5701	ok
rating-games_45750FE15291BB29A2C4F88D952C8A97.sgf	https://katagotraining.org/sgf-files/rating-games/45750FE15291BB29A2C4F88D952C8A97.sgf	7786	ok
training-games_239C74FD36645C84AB2C267D917B834D.sgf	https://katagotraining.org/sgf-files/training-games/239C74FD36645C84AB2C267D917B834D.sgf	13936	ok
rating-games_0F8B70ADFD5560D59EE0DA5767601661.sgf	https://katagotraining.org/sgf-files/rating-games/0F8B70ADFD5560D59EE0DA5767601661.sgf	4599	ok
training-games_10385CB74058CEA9522CE402C66561BF.sgf	https://katagotraining.org/sgf-files/training-games/10385CB74058CEA9522CE402C66561BF.sgf	14496	ok
rating-games_E4ED00973E32588A9F4262FCEAC33DF8.sgf	https://katagotraining.org/sgf-files/rating-games/E4ED00973E32588A9F4262FCEAC33DF8.sgf	5568	ok
rating-games_4A20C84D0E90A4F337D2D3DC34736858.sgf	https://katagotraining.org/sgf-files/rating-games/4A20C84D0E90A4F337D2D3DC34736858.sgf	6025	ok
training-games_CF8349F66A1D50E6DB23BA74881E930B.sgf	https://katagotraining.org/sgf-files/training-games/CF8349F66A1D50E6DB23BA74881E930B.sgf	17645	ok
rating-games_D42D2689BF9CB7F463EDEA624F9CD878.sgf	https://katagotraining.org/sgf-files/rating-games/D42D2689BF9CB7F463EDEA624F9CD878.sgf	5472	ok
rating-games_11DF49488636CF8B8BD8F42C488448CB.sgf	https://katagotraining.org/sgf-files/rating-games/11DF49488636CF8B8BD8F42C488448CB.sgf	7595	ok
rating-games_5B98C1CDC7F6627EC21042157BBBEBD0.sgf	https://katagotraining.org/sgf-files/rating-games/5B98C1CDC7F6627EC21042157BBBEBD0.sgf	7504	ok
rating-games_0A1F6D9973D8CC447B68E88075C80C05.sgf	https://katagotraining.org/sgf-files/rating-games/0A1F6D9973D8CC447B68E88075C80C05.sgf	5703	ok
rating-games_AA122748B963376A09D1FE932D2A0F4A.sgf	https://katagotraining.org/sgf-files/rating-games/AA122748B963376A09D1FE932D2A0F4A.sgf	9527	ok
training-games_88F489887A25A250EE277A4819B6AF6E.sgf	https://katagotraining.org/sgf-files/training-games/88F489887A25A250EE277A4819B6AF6E.sgf	12827	ok
training-games_AD142E110A367332B854992F2427A86D.sgf	https://katagotraining.org/sgf-files/training-games/AD142E110A367332B854992F2427A86D.sgf	12215	ok
rating-games_3DA8803AE96C73AB06192537DD6E6A74.sgf	https://katagotraining.org/sgf-files/rating-games/3DA8803AE96C73AB06192537DD6E6A74.sgf	7040	ok
training-games_C46CD506DF11127CBBA4513884EF8CDD.sgf	https://katagotraining.org/sgf-files/training-games/C46CD506DF11127CBBA4513884EF8CDD.sgf	13106	ok
training-games_0A61E3537211BE5BAC4B4E9D95102B9B.sgf	https://katagotraining.org/sgf-files/training-games/0A61E3537211BE5BAC4B4E9D95102B9B.sgf	10766	ok
rating-games_3E95474C82211B6B57C1546938E20445.sgf	https://katagotraining.org/sgf-files/rating-games/3E95474C82211B6B57C1546938E20445.sgf	10824	ok
rating-games_8BB6B2DB8AFA4B3CDB26B835C442F652.sgf	https://katagotraining.org/sgf-files/rating-games/8BB6B2DB8AFA4B3CDB26B835C442F652.sgf	10286	ok
training-games_B0E7227AE1EC66D8B26882C18E141F6C.sgf	https://katagotraining.org/sgf-files/training-games/B0E7227AE1EC66D8B26882C18E141F6C.sgf	13859	ok
training-games_C57E8642C7CF2DA5BC6133126055D870.sgf	https://katagotraining.org/sgf-files/training-games/C57E8642C7CF2DA5BC6133126055D870.sgf	14944	ok
rating-games_086E92B103DDC6DA00A1EB042BE42A37.sgf	https://katagotraining.org/sgf-files/rating-games/086E92B103DDC6DA00A1EB042BE42A37.sgf	9924	ok
rating-games_134505685A2FE6915F7624CDB822A7B8.sgf	https://katagotraining.org/sgf-files/rating-games/134505685A2FE6915F7624CDB822A7B8.sgf	6465	ok
training-games_31397DD2023CACB14B774859FC8612A6.sgf	https://katagotraining.org/sgf-files/training-games/31397DD2023CACB14B774859FC8612A6.sgf	13459	ok
rating-games_6745735B39FEAED3BFC20D591A26CDA4.sgf	https://katagotraining.org/sgf-files/rating-games/6745735B39FEAED3BFC20D591A26CDA4.sgf	5530	ok
rating-games_82246B4E2DC15BA62CF7281081572186.sgf	https://katagotraining.org/sgf-files/rating-games/82246B4E2DC15BA62CF7281081572186.sgf	6636	ok
training-games_967D01B585F63E006D81F7FD2605BE1C.sgf	https://katagotraining.org/sgf-files/training-games/967D01B585F63E006D81F7FD2605BE1C.sgf	6772	ok
rating-games_BB5A2B53A4C9546004A86E1EAAAEA02E.sgf	https://katagotraining.org/sgf-files/rating-games/BB5A2B53A4C9546004A86E1EAAAEA02E.sgf	4202	ok
rating-games_2BF736D802AFFB4177317A6393EF2AEF.sgf	https://katagotraining.org/sgf-files/rating-games/2BF736D802AFFB4177317A6393EF2AEF.sgf	13480	ok
training-games_F40DDA18C4C067D4792DE52FBD336C02.sgf	https://katagotraining.org/sgf-files/training-games/F40DDA18C4C067D4792DE52FBD336C02.sgf	11329	ok
training-games_15B177DC6BC3579A70171F11D433C559.sgf	https://katagotraining.org/sgf-files/training-games/15B177DC6BC3579A70171F11D433C559.sgf	13015	ok
training-games_44CD964DFD7AF9C94147DABF89B00433.sgf	https://katagotraining.org/sgf-files/training-games/44CD964DFD7AF9C94147DABF89B00433.sgf	15198	ok
rating-games_75DC1F68AF29AB80EDF7B3B59F944AE0.sgf	https://katagotraining.org/sgf-files/rating-games/75DC1F68AF29AB80EDF7B3B59F944AE0.sgf	11458	ok
rating-games_601FBCADFED70D307FBB62153B4389C5.sgf	https://katagotraining.org/sgf-files/rating-games/601FBCADFED70D307FBB62153B4389C5.sgf	9324	ok
rating-games_B507B8043D0EE9DA5636EA1B82EBE124.sgf	https://katagotraining.org/sgf-files/rating-games/B507B8043D0EE9DA5636EA1B82EBE124.sgf	8420	ok
training-games_0BA02243D671E0CC1C25873EA9F92E4B.sgf	https://katagotraining.org/sgf-files/training-games/0BA02243D671E0CC1C25873EA9F92E4B.sgf	13578	ok
rating-games_D6D5B9127583E474B128C70F024F22F5.sgf	https://katagotraining.org/sgf-files/rating-games/D6D5B9127583E474B128C70F024F22F5.sgf	9077	ok
training-games_AA3DCA80C4E1FB0FF29CE34F5021BD18.sgf	https://katagotraining.org/sgf-files/training-games/AA3DCA80C4E1FB0FF29CE34F5021BD18.sgf	13186	ok
rating-games_11D257B40460A8FB3AF04A511E98FBE3.sgf	https://katagotraining.org/sgf-files/rating-games/11D257B40460A8FB3AF04A511E98FBE3.sgf	8393	ok
rating-games_CECDE62AB0E1A17F29DFB3A135318D2F.sgf	https://katagotraining.org/sgf-files/rating-games/CECDE62AB0E1A17F29DFB3A135318D2F.sgf	11512	ok
rating-games_A632E4CB6D910BE599C4E1C6A83EB275.sgf	https://katagotraining.org/sgf-files/rating-games/A632E4CB6D910BE599C4E1C6A83EB275.sgf	10574	ok
rating-games_C5F4DF238E9DF19FCFEDBEBA83F8B493.sgf	https://katagotraining.org/sgf-files/rating-games/C5F4DF238E9DF19FCFEDBEBA83F8B493.sgf	7721	ok
rating-games_DE0FD752EFBFCDB776280A386C891E26.sgf	https://katagotraining.org/sgf-files/rating-games/DE0FD752EFBFCDB776280A386C891E26.sgf	8121	ok
training-games_0372E7C22193CF94E4BA624D50FDC727.sgf	https://katagotraining.org/sgf-files/training-games/0372E7C22193CF94E4BA624D50FDC727.sgf	13731	ok
rating-games_82CABA27AC7B088656737BF1B67B67A5.sgf	https://katagotraining.org/sgf-files/rating-games/82CABA27AC7B088656737BF1B67B67A5.sgf	5692	ok
rating-games_4CA16017E5C478B2AAED659086979D73.sgf	https://katagotraining.org/sgf-files/rating-games/4CA16017E5C478B2AAED659086979D73.sgf	13263	ok
rating-games_5567400393B8FED83C75E813914AB819.sgf	https://katagotraining.org/sgf-files/rating-games/5567400393B8FED83C75E813914AB819.sgf	8002	ok
rating-games_644E804EF883EFB81D2B01E2AFF4C1E0.sgf	https://katagotraining.org/sgf-files/rating-games/644E804EF883EFB81D2B01E2AFF4C1E0.sgf	8283	ok
rating-games_E8C8DFCE2C98970DD2A59879FAE37ABE.sgf	https://katagotraining.org/sgf-files/rating-games/E8C8DFCE2C98970DD2A59879FAE37ABE.sgf	6728	ok
training-games_7A07DFF009D0AC2F95C01C7872E36E2F.sgf	https://katagotraining.org/sgf-files/training-games/7A07DFF009D0AC2F95C01C7872E36E2F.sgf	16283	ok
rating-games_37F78D6154C9BACD85F6EA4DC5457D20.sgf	https://katagotraining.org/sgf-files/rating-games/37F78D6154C9BACD85F6EA4DC5457D20.sgf	7331	ok
rating-games_EE1FDF28DB750AC8ED050B0A7A44DCFF.sgf	https://katagotraining.org/sgf-files/rating-games/EE1FDF28DB750AC8ED050B0A7A44DCFF.sgf	9003	ok
rating-games_14E1E2884E5670A244DB47205E1B5516.sgf	https://katagotraining.org/sgf-files/rating-games/14E1E2884E5670A244DB47205E1B5516.sgf	5444	ok
rating-games_7F27BB8B571ABE653DE38253BCB5CEEA.sgf	https://katagotraining.org/sgf-files/rating-games/7F27BB8B571ABE653DE38253BCB5CEEA.sgf	8605	ok
rating-games_B9638CCD85D6B592FE257995FDE00247.sgf	https://katagotraining.org/sgf-files/rating-games/B9638CCD85D6B592FE257995FDE00247.sgf	5594	ok
rating-games_C6664809663C612C6045BC7161A76D6D.sgf	https://katagotraining.org/sgf-files/rating-games/C6664809663C612C6045BC7161A76D6D.sgf	8849	ok
training-games_6F96559620F977AD5B0708DC88F10BDB.sgf	https://katagotraining.org/sgf-files/training-games/6F96559620F977AD5B0708DC88F10BDB.sgf	12398	ok
rating-games_701F98ECBFC7B9D98AE3664968987403.sgf	https://katagotraining.org/sgf-files/rating-games/701F98ECBFC7B9D98AE3664968987403.sgf	8508	ok
rating-games_6F6A70CD177D4DC73FB96340EF46B695.sgf	https://katagotraining.org/sgf-files/rating-games/6F6A70CD177D4DC73FB96340EF46B695.sgf	6452	ok
rating-games_D31F68E1AD733C948204CDD9CC58CE5A.sgf	https://katagotraining.org/sgf-files/rating-games/D31F68E1AD733C948204CDD9CC58CE5A.sgf	4447	ok
rating-games_CB2F71BDFA22C6041262A468A1C6D8BE.sgf	https://katagotraining.org/sgf-files/rating-games/CB2F71BDFA22C6041262A468A1C6D8BE.sgf	7782	ok
rating-games_0C9F96C7A42F0DE87A1FDD058167DF80.sgf	https://katagotraining.org/sgf-files/rating-games/0C9F96C7A42F0DE87A1FDD058167DF80.sgf	8119	ok
rating-games_3587BF543387130A5A0EB122734C6B33.sgf	https://katagotraining.org/sgf-files/rating-games/3587BF543387130A5A0EB122734C6B33.sgf	8426	ok
rating-games_36593D661E9050315243EC3CBF894774.sgf	https://katagotraining.org/sgf-files/rating-games/36593D661E9050315243EC3CBF894774.sgf	6407	ok
rating-games_BBCCBD0D648F764B1C7B111E457AD303.sgf	https://katagotraining.org/sgf-files/rating-games/BBCCBD0D648F764B1C7B111E457AD303.sgf	6507	ok
rating-games_9802D390FA6D9DAD52E1EE6FC3BD26E7.sgf	https://katagotraining.org/sgf-files/rating-games/9802D390FA6D9DAD52E1EE6FC3BD26E7.sgf	7147	ok
training-games_547F11810E3EC0E08D05D5DF958098E3.sgf	https://katagotraining.org/sgf-files/training-games/547F11810E3EC0E08D05D5DF958098E3.sgf	10963	ok
training-games_90B25C05C0D6E6D98F2AA875409B0CA8.sgf	https://katagotraining.org/sgf-files/training-games/90B25C05C0D6E6D98F2AA875409B0CA8.sgf	13607	ok
rating-games_6ACF4A671B3F5D41AD5DE743008A7C7A.sgf	https://katagotraining.org/sgf-files/rating-games/6ACF4A671B3F5D41AD5DE743008A7C7A.sgf	7515	ok
rating-games_2627196046D6E90E807520D6066A9639.sgf	https://katagotraining.org/sgf-files/rating-games/2627196046D6E90E807520D6066A9639.sgf	6706	ok
rating-games_4BBA85E30DA42D289165171020B10F3A.sgf	https://katagotraining.org/sgf-files/rating-games/4BBA85E30DA42D289165171020B10F3A.sgf	8990	ok
rating-games_8A2F831EC80418CB35BC6139BB26E55F.sgf	https://katagotraining.org/sgf-files/rating-games/8A2F831EC80418CB35BC6139BB26E55F.sgf	5882	ok
rating-games_6BD9D5A5FA35A8EC4965A2684794721E.sgf	https://katagotraining.org/sgf-files/rating-games/6BD9D5A5FA35A8EC4965A2684794721E.sgf	6836	ok
rating-games_EC11E40EE85F1CFDB7338818A8A97B37.sgf	https://katagotraining.org/sgf-files/rating-games/EC11E40EE85F1CFDB7338818A8A97B37.sgf	6502	ok
rating-games_B95C7D64755A562426DD448A9C095B22.sgf	https://katagotraining.org/sgf-files/rating-games/B95C7D64755A562426DD448A9C095B22.sgf	10380	ok
training-games_681CBA9B98F9FD8F01F743F541ECEDCE.sgf	https://katagotraining.org/sgf-files/training-games/681CBA9B98F9FD8F01F743F541ECEDCE.sgf	13244	ok
training-games_8C124E0BAAE9272D49567A5FC09D4F07.sgf	https://katagotraining.org/sgf-files/training-games/8C124E0BAAE9272D49567A5FC09D4F07.sgf	10701	ok
rating-games_681086A20D4C45B29168AABB257BF4AE.sgf	https://katagotraining.org/sgf-files/rating-games/681086A20D4C45B29168AABB257BF4AE.sgf	7832	ok
rating-games_C2B1CD6496E336989220513594FD40A1.sgf	https://katagotraining.org/sgf-files/rating-games/C2B1CD6496E336989220513594FD40A1.sgf	6067	ok
rating-games_E70A588CD0C41A7A056DD1D7CA3E3368.sgf	https://katagotraining.org/sgf-files/rating-games/E70A588CD0C41A7A056DD1D7CA3E3368.sgf	4093	ok
rating-games_4B994F95F945A126CB6E308944579B9C.sgf	https://katagotraining.org/sgf-files/rating-games/4B994F95F945A126CB6E308944579B9C.sgf	8454	ok
training-games_01A4C8B52901C3C0E3F1374493F737F4.sgf	https://katagotraining.org/sgf-files/training-games/01A4C8B52901C3C0E3F1374493F737F4.sgf	15705	ok
training-games_652A37513B18C38D663809926093B1FB.sgf	https://katagotraining.org/sgf-files/training-games/652A37513B18C38D663809926093B1FB.sgf	15405	ok
training-games_1CF329DE5A55223F38AA83492B6A89E3.sgf	https://katagotraining.org/sgf-files/training-games/1CF329DE5A55223F38AA83492B6A89E3.sgf	7029	ok
rating-games_7D102BD31CF9E503F9B9387712F1E42D.sgf	https://katagotraining.org/sgf-files/rating-games/7D102BD31CF9E503F9B9387712F1E42D.sgf	4150	ok
rating-games_336729D60CCAB1824A23F01F7E9D2D07.sgf	https://katagotraining.org/sgf-files/rating-games/336729D60CCAB1824A23F01F7E9D2D07.sgf	6056	ok
rating-games_0874D9A43E15CC112AA4A98E7D2E6583.sgf	https://katagotraining.org/sgf-files/rating-games/0874D9A43E15CC112AA4A98E7D2E6583.sgf	4890	ok
rating-games_483CFC8CC69A29DC4C70E2559BB08696.sgf	https://katagotraining.org/sgf-files/rating-games/483CFC8CC69A29DC4C70E2559BB08696.sgf	9213	ok
training-games_48383FD9036A85C29F0707290A65A12D.sgf	https://katagotraining.org/sgf-files/training-games/48383FD9036A85C29F0707290A65A12D.sgf	13417	ok
rating-games_E8DE11D2CFB4D3A2B985E3F4E4BF9A47.sgf	https://katagotraining.org/sgf-files/rating-games/E8DE11D2CFB4D3A2B985E3F4E4BF9A47.sgf	7312	ok
rating-games_B28CE17BA2B64AC43D697C6CC89E1640.sgf	https://katagotraining.org/sgf-files/rating-games/B28CE17BA2B64AC43D697C6CC89E1640.sgf	6084	ok
rating-games_247167038F29B1FA6C1FF9524350F426.sgf	https://katagotraining.org/sgf-files/rating-games/247167038F29B1FA6C1FF9524350F426.sgf	6248	ok
training-games_23C0BA1A70E12FF0F72B2736FC932489.sgf	https://katagotraining.org/sgf-files/training-games/23C0BA1A70E12FF0F72B2736FC932489.sgf	14302	ok
training-games_EA3EC5E8D10E76FC0D7BF11B3B97C31D.sgf	https://katagotraining.org/sgf-files/training-games/EA3EC5E8D10E76FC0D7BF11B3B97C31D.sgf	14179	ok
rating-games_095F6208C8166818A268CB1EE2161D68.sgf	https://katagotraining.org/sgf-files/rating-games/095F6208C8166818A268CB1EE2161D68.sgf	5610	ok
rating-games_CA3944D3ED050F701B2D763006772AE5.sgf	https://katagotraining.org/sgf-files/rating-games/CA3944D3ED050F701B2D763006772AE5.sgf	6694	ok
rating-games_2813D3A009FA1D14C7682807489ED853.sgf	https://katagotraining.org/sgf-files/rating-games/2813D3A009FA1D14C7682807489ED853.sgf	9568	ok
rating-games_AECEBCC8DFBA00FDE6BB038093BDA981.sgf	https://katagotraining.org/sgf-files/rating-games/AECEBCC8DFBA00FDE6BB038093BDA981.sgf	9031	ok
training-games_8EE20D32DF42971D4421647245611D5E.sgf	https://katagotraining.org/sgf-files/training-games/8EE20D32DF42971D4421647245611D5E.sgf	9358	ok
rating-games_32DDD80F76D5EC1B309C787C1AC765C8.sgf	https://katagotraining.org/sgf-files/rating-games/32DDD80F76D5EC1B309C787C1AC765C8.sgf	4411	ok
training-games_277830FC9E7916B811061F3E05B92261.sgf	https://katagotraining.org/sgf-files/training-games/277830FC9E7916B811061F3E05B92261.sgf	12130	ok
rating-games_1B9CF34B7A00A5255C4B119C83AC4635.sgf	https://katagotraining.org/sgf-files/rating-games/1B9CF34B7A00A5255C4B119C83AC4635.sgf	5777	ok
rating-games_B57091294E15FFC43491618B0D548465.sgf	https://katagotraining.org/sgf-files/rating-games/B57091294E15FFC43491618B0D548465.sgf	6429	ok
rating-games_824B5B0671D2D6BEBDDD929E0E6C33E2.sgf	https://katagotraining.org/sgf-files/rating-games/824B5B0671D2D6BEBDDD929E0E6C33E2.sgf	6934	ok
rating-games_8307A6C25C21FB5E6C7D05AF4C8079C1.sgf	https://katagotraining.org/sgf-files/rating-games/8307A6C25C21FB5E6C7D05AF4C8079C1.sgf	9789	ok
rating-games_387A646AFB2C75CF21215A0946012472.sgf	https://katagotraining.org/sgf-files/rating-games/387A646AFB2C75CF21215A0946012472.sgf	8102	ok
rating-games_65B8814EC81DDCC2E805999C67972104.sgf	https://katagotraining.org/sgf-files/rating-games/65B8814EC81DDCC2E805999C67972104.sgf	11069	ok
rating-games_4CB6DD74639D8A5A3E63F168E7892859.sgf	https://katagotraining.org/sgf-files/rating-games/4CB6DD74639D8A5A3E63F168E7892859.sgf	9289	ok
rating-games_5BB70EC251A1C513C6E51E945F51973C.sgf	https://katagotraining.org/sgf-files/rating-games/5BB70EC251A1C513C6E51E945F51973C.sgf	5710	ok
rating-games_F60E5306EB334F44EB5D8867EA13EB09.sgf	https://katagotraining.org/sgf-files/rating-games/F60E5306EB334F44EB5D8867EA13EB09.sgf	5769	ok
training-games_7116E8A48BE5AE3EB41BFDF09FB86FD5.sgf	https://katagotraining.org/sgf-files/training-games/7116E8A48BE5AE3EB41BFDF09FB86FD5.sgf	13463	ok
rating-games_A616CA5D37E44A02C66D17AA7907F356.sgf	https://katagotraining.org/sgf-files/rating-games/A616CA5D37E44A02C66D17AA7907F356.sgf	9218	ok
training-games_BB3912496720B4AE7BFC148A6AFE629A.sgf	https://katagotraining.org/sgf-files/training-games/BB3912496720B4AE7BFC148A6AFE629A.sgf	15424	ok
rating-games_8490A19DB5D0991DED209B7A7C8B185E.sgf	https://katagotraining.org/sgf-files/rating-games/8490A19DB5D0991DED209B7A7C8B185E.sgf	6557	ok
rating-games_9587ABA72D171961BC359A2B8692183B.sgf	https://katagotraining.org/sgf-files/rating-games/9587ABA72D171961BC359A2B8692183B.sgf	8087	ok
training-games_A0E9D4931F33EB056ED1D00529A9CA3C.sgf	https://katagotraining.org/sgf-files/training-games/A0E9D4931F33EB056ED1D00529A9CA3C.sgf	12823	ok
rating-games_6182F082692715CB1DE6A999F44C4463.sgf	https://katagotraining.org/sgf-files/rating-games/6182F082692715CB1DE6A999F44C4463.sgf	6988	ok
rating-games_A9AF9509C9430B5AB6911A46D5A2FAC0.sgf	https://katagotraining.org/sgf-files/rating-games/A9AF9509C9430B5AB6911A46D5A2FAC0.sgf	7002	ok
rating-games_7BB1B8F783DC9197F8696436CE16706B.sgf	https://katagotraining.org/sgf-files/rating-games/7BB1B8F783DC9197F8696436CE16706B.sgf	6244	ok
training-games_5EE7041996B6CF99883CFACE98E1E69E.sgf	https://katagotraining.org/sgf-files/training-games/5EE7041996B6CF99883CFACE98E1E69E.sgf	15194	ok
training-games_6B9B42BB72C07AEA594E90CFF337D015.sgf	https://katagotraining.org/sgf-files/training-games/6B9B42BB72C07AEA594E90CFF337D015.sgf	13155	ok
rating-games_EFC5BCDEE8ABB4BEF9B2CC386239850A.sgf	https://katagotraining.org/sgf-files/rating-games/EFC5BCDEE8ABB4BEF9B2CC386239850A.sgf	7989	ok
rating-games_1F2DA605449AF7D4C6A514A0FD139CB3.sgf	https://katagotraining.org/sgf-files/rating-games/1F2DA605449AF7D4C6A514A0FD139CB3.sgf	7012	ok
rating-games_66E1FB8C4B156FA7D6A73397412E7514.sgf	https://katagotraining.org/sgf-files/rating-games/66E1FB8C4B156FA7D6A73397412E7514.sgf	6567	ok
rating-games_1CC0A40480172A4FFD976AD286A8A2EB.sgf	https://katagotraining.org/sgf-files/rating-games/1CC0A40480172A4FFD976AD286A8A2EB.sgf	7434	ok
rating-games_01B474AD385E3543A8DA7E18E68462A6.sgf	https://katagotraining.org/sgf-files/rating-games/01B474AD385E3543A8DA7E18E68462A6.sgf	9220	ok
rating-games_6CD0FE3C6A78C91625ED3DD4F64CA312.sgf	https://katagotraining.org/sgf-files/rating-games/6CD0FE3C6A78C91625ED3DD4F64CA312.sgf	6728	ok
training-games_9450B610DA421CD56732EC5F52993B0C.sgf	https://katagotraining.org/sgf-files/training-games/9450B610DA421CD56732EC5F52993B0C.sgf	12017	ok
training-games_27A8B0C57A700B6E01EE69820E459B06.sgf	https://katagotraining.org/sgf-files/training-games/27A8B0C57A700B6E01EE69820E459B06.sgf	14305	ok
rating-games_94565FBA265284F0EE264AB3FC5FCE65.sgf	https://katagotraining.org/sgf-files/rating-games/94565FBA265284F0EE264AB3FC5FCE65.sgf	6713	ok
rating-games_10292D69FDC8A0B27041E73835040824.sgf	https://katagotraining.org/sgf-files/rating-games/10292D69FDC8A0B27041E73835040824.sgf	9750	ok
rating-games_981C3C091D97D8C5AF4140AC3DDE7B51.sgf	https://katagotraining.org/sgf-files/rating-games/981C3C091D97D8C5AF4140AC3DDE7B51.sgf	6465	ok
rating-games_88AF37B672E094A27B33BEE7A485313A.sgf	https://katagotraining.org/sgf-files/rating-games/88AF37B672E094A27B33BEE7A485313A.sgf	12512	ok
rating-games_110F8008C04C937FB4A992905204CFE0.sgf	https://katagotraining.org/sgf-files/rating-games/110F8008C04C937FB4A992905204CFE0.sgf	10235	ok
rating-games_F267284F6C2CE3A0AE8FCA4D7D689960.sgf	https://katagotraining.org/sgf-files/rating-games/F267284F6C2CE3A0AE8FCA4D7D689960.sgf	6023	ok
rating-games_9607344730C887B416DDC15CEE6064B3.sgf	https://katagotraining.org/sgf-files/rating-games/9607344730C887B416DDC15CEE6064B3.sgf	6063	ok
rating-games_EB46D68B9E352DD61BC5C4089DE15DC4.sgf	https://katagotraining.org/sgf-files/rating-games/EB46D68B9E352DD61BC5C4089DE15DC4.sgf	5953	ok
rating-games_C59F7E10EE59BA33E7F9EFCF5F96A879.sgf	https://katagotraining.org/sgf-files/rating-games/C59F7E10EE59BA33E7F9EFCF5F96A879.sgf	5921	ok
rating-games_380C36EA02B1B5F819AD254C5BC88225.sgf	https://katagotraining.org/sgf-files/rating-games/380C36EA02B1B5F819AD254C5BC88225.sgf	6235	ok
rating-games_0A3145CF03A78E01CB0301DA280B8020.sgf	https://katagotraining.org/sgf-files/rating-games/0A3145CF03A78E01CB0301DA280B8020.sgf	8887	ok
rating-games_9E125D101FBC806220D93DD73B95DF53.sgf	https://katagotraining.org/sgf-files/rating-games/9E125D101FBC806220D93DD73B95DF53.sgf	7444	ok
rating-games_AB8D45CC3F0905E24F2A51363ED9EBBA.sgf	https://katagotraining.org/sgf-files/rating-games/AB8D45CC3F0905E24F2A51363ED9EBBA.sgf	9224	ok
rating-games_EA80045200D5AD953EF98FD2BAE684AA.sgf	https://katagotraining.org/sgf-files/rating-games/EA80045200D5AD953EF98FD2BAE684AA.sgf	10491	ok
training-games_543B3799B15019D2421E32842CED7A5B.sgf	https://katagotraining.org/sgf-files/training-games/543B3799B15019D2421E32842CED7A5B.sgf	13187	ok
rating-games_D4B5C2DC3991D2DB82D7242771B4DAAD.sgf	https://katagotraining.org/sgf-files/rating-games/D4B5C2DC3991D2DB82D7242771B4DAAD.sgf	5296	ok
training-games_C72A241043DD693BDFA54C6C75BFF2F8.sgf	https://katagotraining.org/sgf-files/training-games/C72A241043DD693BDFA54C6C75BFF2F8.sgf	15686	ok
rating-games_F22E3681025408F3833C1BF0E239B29D.sgf	https://katagotraining.org/sgf-files/rating-games/F22E3681025408F3833C1BF0E239B29D.sgf	10062	ok
rating-games_3C26066F786586FD15049B664E460B28.sgf	https://katagotraining.org/sgf-files/rating-games/3C26066F786586FD15049B664E460B28.sgf	6922	ok
rating-games_8141A671D02818DA8D9A548E9014F12A.sgf	https://katagotraining.org/sgf-files/rating-games/8141A671D02818DA8D9A548E9014F12A.sgf	7481	ok
training-games_5C50A474743351960BB7ACE844FD3221.sgf	https://katagotraining.org/sgf-files/training-games/5C50A474743351960BB7ACE844FD3221.sgf	12356	ok
rating-games_9A19499ACD7863C8F947C57C4F25AF16.sgf	https://katagotraining.org/sgf-files/rating-games/9A19499ACD7863C8F947C57C4F25AF16.sgf	6364	ok
rating-games_8C916E5BEB5BD954B1EB379B37BE2F56.sgf	https://katagotraining.org/sgf-files/rating-games/8C916E5BEB5BD954B1EB379B37BE2F56.sgf	11626	ok
rating-games_21D6087EC8F254F90FF787EA3A958AF9.sgf	https://katagotraining.org/sgf-files/rating-games/21D6087EC8F254F90FF787EA3A958AF9.sgf	9291	ok
rating-games_A0FFD730DD9ECD4DD638D6B553094083.sgf	https://katagotraining.org/sgf-files/rating-games/A0FFD730DD9ECD4DD638D6B553094083.sgf	4977	ok
rating-games_9E67CD02757C3DF9FAA70991C22F6331.sgf	https://katagotraining.org/sgf-files/rating-games/9E67CD02757C3DF9FAA70991C22F6331.sgf	6992	ok
rating-games_DE7921092486601D83D73F78BBC723A4.sgf	https://katagotraining.org/sgf-files/rating-games/DE7921092486601D83D73F78BBC723A4.sgf	10267	ok
rating-games_B27A745F9DA5A54A85737FDE2B6AE6DE.sgf	https://katagotraining.org/sgf-files/rating-games/B27A745F9DA5A54A85737FDE2B6AE6DE.sgf	5920	ok
rating-games_7A5AB2F0E1B1709F3032E374E5228E33.sgf	https://katagotraining.org/sgf-files/rating-games/7A5AB2F0E1B1709F3032E374E5228E33.sgf	7334	ok
rating-games_665BAE7E99056CA661C0C132FE9A7637.sgf	https://katagotraining.org/sgf-files/rating-games/665BAE7E99056CA661C0C132FE9A7637.sgf	7664	ok
rating-games_171EACBA2B5CE4AD29DBEB2E1C195282.sgf	https://katagotraining.org/sgf-files/rating-games/171EACBA2B5CE4AD29DBEB2E1C195282.sgf	6836	ok
rating-games_E1B4BBFF491216DA7518547A0401D39E.sgf	https://katagotraining.org/sgf-files/rating-games/E1B4BBFF491216DA7518547A0401D39E.sgf	7898	ok
rating-games_8D13188186FEB49FE2C6CD9071C2BDDC.sgf	https://katagotraining.org/sgf-files/rating-games/8D13188186FEB49FE2C6CD9071C2BDDC.sgf	7323	ok
training-games_CD4DD1B2CEC811AD1AB3AA4498B95F2B.sgf	https://katagotraining.org/sgf-files/training-games/CD4DD1B2CEC811AD1AB3AA4498B95F2B.sgf	17150	ok
rating-games_1B84B8CC578A9ABA0594C9D417F500F1.sgf	https://katagotraining.org/sgf-files/rating-games/1B84B8CC578A9ABA0594C9D417F500F1.sgf	8585	ok
rating-games_D19F4AE83F4B63B1F9024854970AB4F6.sgf	https://katagotraining.org/sgf-files/rating-games/D19F4AE83F4B63B1F9024854970AB4F6.sgf	7669	ok
training-games_506664AFD4754C6CE5F0A23933941964.sgf	https://katagotraining.org/sgf-files/training-games/506664AFD4754C6CE5F0A23933941964.sgf	13663	ok
training-games_3FD2345B69B04F061732A91DAFA6F655.sgf	https://katagotraining.org/sgf-files/training-games/3FD2345B69B04F061732A91DAFA6F655.sgf	16071	ok
rating-games_A0EE1D1486119F05A6918E9CF7270793.sgf	https://katagotraining.org/sgf-files/rating-games/A0EE1D1486119F05A6918E9CF7270793.sgf	7315	ok
training-games_6F1AB5CB28500FB51A3800350051F9B6.sgf	https://katagotraining.org/sgf-files/training-games/6F1AB5CB28500FB51A3800350051F9B6.sgf	16790	ok
rating-games_97257828B1455A1703C53CA73FF8313B.sgf	https://katagotraining.org/sgf-files/rating-games/97257828B1455A1703C53CA73FF8313B.sgf	11125	ok
rating-games_EF2A7A3E0704E5FD36507963CF6C7685.sgf	https://katagotraining.org/sgf-files/rating-games/EF2A7A3E0704E5FD36507963CF6C7685.sgf	12859	ok
training-games_90731EDAC9F3D9D4ADA2E5E4CE30CAB6.sgf	https://katagotraining.org/sgf-files/training-games/90731EDAC9F3D9D4ADA2E5E4CE30CAB6.sgf	16593	ok
rating-games_6630D3CA248886F36EFC9F9376464950.sgf	https://katagotraining.org/sgf-files/rating-games/6630D3CA248886F36EFC9F9376464950.sgf	5370	ok
rating-games_5AB63026393C0983B776651FBCE0CF7E.sgf	https://katagotraining.org/sgf-files/rating-games/5AB63026393C0983B776651FBCE0CF7E.sgf	5813	ok
rating-games_66E7C340E6FD04468B30A3BBDCD0EB06.sgf	https://katagotraining.org/sgf-files/rating-games/66E7C340E6FD04468B30A3BBDCD0EB06.sgf	11473	ok
training-games_B77E389D51E33827C598F3657BAFEBB5.sgf	https://katagotraining.org/sgf-files/training-games/B77E389D51E33827C598F3657BAFEBB5.sgf	15657	ok
rating-games_E0E5749CC84B83D40416D12501938438.sgf	https://katagotraining.org/sgf-files/rating-games/E0E5749CC84B83D40416D12501938438.sgf	10458	ok
training-games_D0DAE1FA3F04C3767130515961E34853.sgf	https://katagotraining.org/sgf-files/training-games/D0DAE1FA3F04C3767130515961E34853.sgf	8494	ok
training-games_485E16577FC74D2B79E0658FF4CAC14D.sgf	https://katagotraining.org/sgf-files/training-games/485E16577FC74D2B79E0658FF4CAC14D.sgf	13242	ok
rating-games_FFE4332F57258545E4FF182E3C470104.sgf	https://katagotraining.org/sgf-files/rating-games/FFE4332F57258545E4FF182E3C470104.sgf	6016	ok
rating-games_D96DBFF22578C25E3D6D8EB58C7368D1.sgf	https://katagotraining.org/sgf-files/rating-games/D96DBFF22578C25E3D6D8EB58C7368D1.sgf	10099	ok
rating-games_2CDC74ECC8A2C15919C38DADD5CC3640.sgf	https://katagotraining.org/sgf-files/rating-games/2CDC74ECC8A2C15919C38DADD5CC3640.sgf	8757	ok
training-games_17D1793809B84A5AED99C0BE4EDAD0C3.sgf	https://katagotraining.org/sgf-files/training-games/17D1793809B84A5AED99C0BE4EDAD0C3.sgf	12729	ok
training-games_8EAC60CA9BE00E310356771380D879A6.sgf	https://katagotraining.org/sgf-files/training-games/8EAC60CA9BE00E310356771380D879A6.sgf	15268	ok
rating-games_61693AAF5BB799B68552DA15CF27705B.sgf	https://katagotraining.org/sgf-files/rating-games/61693AAF5BB799B68552DA15CF27705B.sgf	7808	ok
training-games_6BC93AD708186CE3A415C6EFB2348621.sgf	https://katagotraining.org/sgf-files/training-games/6BC93AD708186CE3A415C6EFB2348621.sgf	14850	ok
rating-games_F2492E09856180E9DFE86FB15538392E.sgf	https://katagotraining.org/sgf-files/rating-games/F2492E09856180E9DFE86FB15538392E.sgf	8871	ok
rating-games_92192EFD7AB5237A1CCFBA97E597C5C9.sgf	https://katagotraining.org/sgf-files/rating-games/92192EFD7AB5237A1CCFBA97E597C5C9.sgf	6388	ok
rating-games_5F394BD709F362911FA6CF87DDB5282A.sgf	https://katagotraining.org/sgf-files/rating-games/5F394BD709F362911FA6CF87DDB5282A.sgf	7851	ok
rating-games_8176C22F00678962812BB90AA5E93ACA.sgf	https://katagotraining.org/sgf-files/rating-games/8176C22F00678962812BB90AA5E93ACA.sgf	11851	ok
training-games_C0C806A2EA445F0F44B5138D7BAA91EA.sgf	https://katagotraining.org/sgf-files/training-games/C0C806A2EA445F0F44B5138D7BAA91EA.sgf	16662	ok
rating-games_A7BA18A6B03D0AADE34F25882380C2E6.sgf	https://katagotraining.org/sgf-files/rating-games/A7BA18A6B03D0AADE34F25882380C2E6.sgf	5970	ok
rating-games_34AC95CFE15D6D186ACE8066AD463244.sgf	https://katagotraining.org/sgf-files/rating-games/34AC95CFE15D6D186ACE8066AD463244.sgf	9827	ok
rating-games_AA33F585E120AD57F618510BB5839C77.sgf	https://katagotraining.org/sgf-files/rating-games/AA33F585E120AD57F618510BB5839C77.sgf	6129	ok
rating-games_9B14ADCE33D54F1C31CC7BC3505A139C.sgf	https://katagotraining.org/sgf-files/rating-games/9B14ADCE33D54F1C31CC7BC3505A139C.sgf	5652	ok
rating-games_55C52C87A53EBD513DEE3323487DA067.sgf	https://katagotraining.org/sgf-files/rating-games/55C52C87A53EBD513DEE3323487DA067.sgf	10064	ok
rating-games_69B41F98AD51DF8355A658E8E66D36AC.sgf	https://katagotraining.org/sgf-files/rating-games/69B41F98AD51DF8355A658E8E66D36AC.sgf	5843	ok
rating-games_4C3E94F57BC73A26E90F5B045A1703C9.sgf	https://katagotraining.org/sgf-files/rating-games/4C3E94F57BC73A26E90F5B045A1703C9.sgf	10416	ok
training-games_F6234700E122ADC6464F682015247404.sgf	https://katagotraining.org/sgf-files/training-games/F6234700E122ADC6464F682015247404.sgf	11605	ok
rating-games_510C7A1E5D56311DEBA0C398E21C8151.sgf	https://katagotraining.org/sgf-files/rating-games/510C7A1E5D56311DEBA0C398E21C8151.sgf	7470	ok
rating-games_146A3C4C21CFE05E42FCB385FEECEDA2.sgf	https://katagotraining.org/sgf-files/rating-games/146A3C4C21CFE05E42FCB385FEECEDA2.sgf	4968	ok
rating-games_156294FD97A1DEDA877AA5D9FA3C4B83.sgf	https://katagotraining.org/sgf-files/rating-games/156294FD97A1DEDA877AA5D9FA3C4B83.sgf	7672	ok
training-games_1171979A73ADBA88C024F60A31AB65A4.sgf	https://katagotraining.org/sgf-files/training-games/1171979A73ADBA88C024F60A31AB65A4.sgf	14614	ok
training-games_AE79D450832AA3E7E7F5F3CB56701D57.sgf	https://katagotraining.org/sgf-files/training-games/AE79D450832AA3E7E7F5F3CB56701D57.sgf	14739	ok
training-games_07C71724BA3986B44CC35BE2134CA11F.sgf	https://katagotraining.org/sgf-files/training-games/07C71724BA3986B44CC35BE2134CA11F.sgf	13915	ok
rating-games_381D16B2A09633D0C180669736A0E62F.sgf	https://katagotraining.org/sgf-files/rating-games/381D16B2A09633D0C180669736A0E62F.sgf	9234	ok
rating-games_CA75882357C35961FEA736B379923646.sgf	https://katagotraining.org/sgf-files/rating-games/CA75882357C35961FEA736B379923646.sgf	4174	ok
rating-games_58F7F6CED2445017414002C427FB1AB2.sgf	https://katagotraining.org/sgf-files/rating-games/58F7F6CED2445017414002C427FB1AB2.sgf	8403	ok
rating-games_5D55A2CD5271F6D46876495FB2A6BF8A.sgf	https://katagotraining.org/sgf-files/rating-games/5D55A2CD5271F6D46876495FB2A6BF8A.sgf	8039	ok
training-games_3A8EFA136921166F8E65DF4ACD0598D9.sgf	https://katagotraining.org/sgf-files/training-games/3A8EFA136921166F8E65DF4ACD0598D9.sgf	12463	ok
training-games_B13F9B77BECBDFB7D542F825BA62812F.sgf	https://katagotraining.org/sgf-files/training-games/B13F9B77BECBDFB7D542F825BA62812F.sgf	15049	ok
rating-games_D7E5B5C0798BA73A2A76CCA16AA3D86E.sgf	https://katagotraining.org/sgf-files/rating-games/D7E5B5C0798BA73A2A76CCA16AA3D86E.sgf	7716	ok
rating-games_D77E410ADEA6D949B3EA15C06EDBC1A6.sgf	https://katagotraining.org/sgf-files/rating-games/D77E410ADEA6D949B3EA15C06EDBC1A6.sgf	5950	ok
training-games_DAF2E1CC7F1170967FAC36A9EF01F433.sgf	https://katagotraining.org/sgf-files/training-games/DAF2E1CC7F1170967FAC36A9EF01F433.sgf	14041	ok
rating-games_3BB696F92D6831B9472DE6DE372FB716.sgf	https://katagotraining.org/sgf-files/rating-games/3BB696F92D6831B9472DE6DE372FB716.sgf	3782	ok
rating-games_52BDE2C0DE1BA0AF88FD9977275CA3E4.sgf	https://katagotraining.org/sgf-files/rating-games/52BDE2C0DE1BA0AF88FD9977275CA3E4.sgf	7172	ok
training-games_BD6F664BDC6E309A382B8C2B3743FFAA.sgf	https://katagotraining.org/sgf-files/training-games/BD6F664BDC6E309A382B8C2B3743FFAA.sgf	16336	ok
rating-games_9AD4FC1E41669E8AC6492D212CFDBD42.sgf	https://katagotraining.org/sgf-files/rating-games/9AD4FC1E41669E8AC6492D212CFDBD42.sgf	4862	ok
rating-games_BD91A37E95F96A2C98FD02A26F1C9F94.sgf	https://katagotraining.org/sgf-files/rating-games/BD91A37E95F96A2C98FD02A26F1C9F94.sgf	6354	ok
rating-games_EF7CA4FDC4DF36BC7A5CF89CD102694A.sgf	https://katagotraining.org/sgf-files/rating-games/EF7CA4FDC4DF36BC7A5CF89CD102694A.sgf	5752	ok
training-games_AB5363DD4CBD9CD089A42AB63532DFB8.sgf	https://katagotraining.org/sgf-files/training-games/AB5363DD4CBD9CD089A42AB63532DFB8.sgf	13756	ok
rating-games_C2EC501AFF5A736642AD9B835562D0A5.sgf	https://katagotraining.org/sgf-files/rating-games/C2EC501AFF5A736642AD9B835562D0A5.sgf	7970	ok
training-games_939186EE24341601F58582F74C88A481.sgf	https://katagotraining.org/sgf-files/training-games/939186EE24341601F58582F74C88A481.sgf	14139	ok
training-games_A46DA871D0BEE3085624EB6A3ACE756F.sgf	https://katagotraining.org/sgf-files/training-games/A46DA871D0BEE3085624EB6A3ACE756F.sgf	12623	ok
rating-games_C00EF81A38958CD50079B6650104354D.sgf	https://katagotraining.org/sgf-files/rating-games/C00EF81A38958CD50079B6650104354D.sgf	9482	ok
rating-games_A9024D47598F8EE2EB4F5BF08D42B9C8.sgf	https://katagotraining.org/sgf-files/rating-games/A9024D47598F8EE2EB4F5BF08D42B9C8.sgf	5445	ok
rating-games_2F3D7B5312A7D90A6256C54DC94AE4D9.sgf	https://katagotraining.org/sgf-files/rating-games/2F3D7B5312A7D90A6256C54DC94AE4D9.sgf	8114	ok
training-games_E11DCF0D46372473D26DE55DD3F4A9DB.sgf	https://katagotraining.org/sgf-files/training-games/E11DCF0D46372473D26DE55DD3F4A9DB.sgf	11975	ok
rating-games_0DAB2036655F7556DAB9EEDF532CCD61.sgf	https://katagotraining.org/sgf-files/rating-games/0DAB2036655F7556DAB9EEDF532CCD61.sgf	7601	ok
rating-games_6B5BE9D5002E643DC41636C8D4075363.sgf	https://katagotraining.org/sgf-files/rating-games/6B5BE9D5002E643DC41636C8D4075363.sgf	10069	ok
rating-games_3EFD61492F6624CF647311172319E6EE.sgf	https://katagotraining.org/sgf-files/rating-games/3EFD61492F6624CF647311172319E6EE.sgf	4951	ok
training-games_14BB2DCB922BC8703B65D7AD45AAD74D.sgf	https://katagotraining.org/sgf-files/training-games/14BB2DCB922BC8703B65D7AD45AAD74D.sgf	12771	ok
rating-games_8B902D5885C2C34523F3DBE89A331886.sgf	https://katagotraining.org/sgf-files/rating-games/8B902D5885C2C34523F3DBE89A331886.sgf	6767	ok
rating-games_10308433BF74E23A3E9FF36BC9AB8A4E.sgf	https://katagotraining.org/sgf-files/rating-games/10308433BF74E23A3E9FF36BC9AB8A4E.sgf	5459	ok
rating-games_C850D2260699D3286271857375C0DF1B.sgf	https://katagotraining.org/sgf-files/rating-games/C850D2260699D3286271857375C0DF1B.sgf	10152	ok
rating-games_17104C6573D1157DDCD5C834C200882D.sgf	https://katagotraining.org/sgf-files/rating-games/17104C6573D1157DDCD5C834C200882D.sgf	10442	ok
rating-games_239B1C70D8D6A8788BC90CE22A4A4992.sgf	https://katagotraining.org/sgf-files/rating-games/239B1C70D8D6A8788BC90CE22A4A4992.sgf	5385	ok
rating-games_67F978E2DA5AFB1BA63291B5CC4E3A5C.sgf	https://katagotraining.org/sgf-files/rating-games/67F978E2DA5AFB1BA63291B5CC4E3A5C.sgf	7566	ok
rating-games_5CBDE19F148B9729D97BF5E62B71A3E6.sgf	https://katagotraining.org/sgf-files/rating-games/5CBDE19F148B9729D97BF5E62B71A3E6.sgf	6882	ok
rating-games_BCD766ADD1D31A4F42276B4ABA13D6BE.sgf	https://katagotraining.org/sgf-files/rating-games/BCD766ADD1D31A4F42276B4ABA13D6BE.sgf	6094	ok
training-games_1C19CE0357376BFF006258083BD4E0D4.sgf	https://katagotraining.org/sgf-files/training-games/1C19CE0357376BFF006258083BD4E0D4.sgf	15287	ok
rating-games_63F3B606A240C06245C5DB1CC325E7E7.sgf	https://katagotraining.org/sgf-files/rating-games/63F3B606A240C06245C5DB1CC325E7E7.sgf	10836	ok
rating-games_0302B6599151222D4CAC856A3677116C.sgf	https://katagotraining.org/sgf-files/rating-games/0302B6599151222D4CAC856A3677116C.sgf	7014	ok
rating-games_3B6FBAF7551268343B904194361FA470.sgf	https://katagotraining.org/sgf-files/rating-games/3B6FBAF7551268343B904194361FA470.sgf	9707	ok
rating-games_A68F21129BC1BB59EEBDB2043EA5E813.sgf	https://katagotraining.org/sgf-files/rating-games/A68F21129BC1BB59EEBDB2043EA5E813.sgf	6028	ok
rating-games_0D0D35340CCACF0E49C75BE5638A0BE7.sgf	https://katagotraining.org/sgf-files/rating-games/0D0D35340CCACF0E49C75BE5638A0BE7.sgf	9344	ok
training-games_817778F7FE3CE4EE88D7AF9A316B6BA8.sgf	https://katagotraining.org/sgf-files/training-games/817778F7FE3CE4EE88D7AF9A316B6BA8.sgf	6106	ok
training-games_CE9E9715BC905233E888B6BA2453415B.sgf	https://katagotraining.org/sgf-files/training-games/CE9E9715BC905233E888B6BA2453415B.sgf	9282	ok
rating-games_11F92BDBB0103601AE7D307E10DF0E20.sgf	https://katagotraining.org/sgf-files/rating-games/11F92BDBB0103601AE7D307E10DF0E20.sgf	8513	ok
training-games_B633CA794BE5F8D591CBFB03578806F9.sgf	https://katagotraining.org/sgf-files/training-games/B633CA794BE5F8D591CBFB03578806F9.sgf	6740	ok
rating-games_77192B3594A11DF9E493BBC7FAC81886.sgf	https://katagotraining.org/sgf-files/rating-games/77192B3594A11DF9E493BBC7FAC81886.sgf	12878	ok
training-games_C47729760BC79FCB60AA26E64913B12A.sgf	https://katagotraining.org/sgf-files/training-games/C47729760BC79FCB60AA26E64913B12A.sgf	16597	ok
rating-games_5CE6EED288E0726CBDBC4617730CD44C.sgf	https://katagotraining.org/sgf-files/rating-games/5CE6EED288E0726CBDBC4617730CD44C.sgf	7128	ok
training-games_2B5D7C14C4657CCB4542FF8A760704B7.sgf	https://katagotraining.org/sgf-files/training-games/2B5D7C14C4657CCB4542FF8A760704B7.sgf	17724	ok
rating-games_092B1E49976542C15D19F941019FEAEF.sgf	https://katagotraining.org/sgf-files/rating-games/092B1E49976542C15D19F941019FEAEF.sgf	9083	ok
rating-games_AF1F482E95022FF1B5F5EB73851B0A97.sgf	https://katagotraining.org/sgf-files/rating-games/AF1F482E95022FF1B5F5EB73851B0A97.sgf	6414	ok
rating-games_D8D7951DD097AA533FECB13A27161492.sgf	https://katagotraining.org/sgf-files/rating-games/D8D7951DD097AA533FECB13A27161492.sgf	7657	ok
